event_key,event_name,season,region,event_type,player,team,role,agents,rounds,rating,acs,kd_ratio,kast,adr,kpr,apr,fkpr,fdpr,headshot_pct,clutch_pct
kickoff_emea_2025,VCT 2025: EMEA Kickoff,2025,emea,kickoff,keiko,TL,,,493,1.26,239.5,1.34,78%,156.3,0.88,0.30,0.11,0.06,40%,16%
kickoff_emea_2025,VCT 2025: EMEA Kickoff,2025,emea,kickoff,Minny,M8,,,192,1.18,219.5,1.26,71%,139.8,0.79,0.17,0.14,0.07,38%,11%
kickoff_emea_2025,VCT 2025: EMEA Kickoff,2025,emea,kickoff,florescent,APK,,,111,1.17,256.6,1.16,69%,172.9,0.91,0.15,0.20,0.14,38%,8%
kickoff_emea_2025,VCT 2025: EMEA Kickoff,2025,emea,kickoff,kaajak,FNC,,,215,1.16,245.0,1.30,69%,157.9,0.89,0.21,0.15,0.16,37%,23%
kickoff_emea_2025,VCT 2025: EMEA Kickoff,2025,emea,kickoff,yetujey,FUT,,,179,1.13,230.8,1.15,75%,150.9,0.81,0.23,0.14,0.08,26%,15%
kickoff_emea_2025,VCT 2025: EMEA Kickoff,2025,emea,kickoff,Alfajer,FNC,,,215,1.12,233.5,1.15,71%,153.4,0.84,0.22,0.18,0.08,29%,13%
kickoff_emea_2025,VCT 2025: EMEA Kickoff,2025,emea,kickoff,Derke,VIT,,,249,1.12,252.8,1.17,70%,164.9,0.87,0.18,0.24,0.21,30%,
kickoff_emea_2025,VCT 2025: EMEA Kickoff,2025,emea,kickoff,Sayf,VIT,,,249,1.10,214.2,1.22,71%,138.5,0.78,0.24,0.09,0.08,26%,19%
kickoff_emea_2025,VCT 2025: EMEA Kickoff,2025,emea,kickoff,sociablEE,BBL,,,244,1.09,228.5,1.12,73%,144.8,0.80,0.20,0.11,0.13,22%,14%
kickoff_emea_2025,VCT 2025: EMEA Kickoff,2025,emea,kickoff,Avez,KC,,,199,1.09,208.8,1.08,75%,135.0,0.72,0.30,0.07,0.07,36%,15%
kickoff_emea_2025,VCT 2025: EMEA Kickoff,2025,emea,kickoff,Wo0t,TH,,,189,1.08,205.1,1.03,74%,136.8,0.70,0.43,0.11,0.10,35%,14%
kickoff_emea_2025,VCT 2025: EMEA Kickoff,2025,emea,kickoff,Ruxic,NAVI,,,128,1.08,216.0,1.04,77%,136.7,0.75,0.38,0.11,0.11,26%,
kickoff_emea_2025,VCT 2025: EMEA Kickoff,2025,emea,kickoff,Less,VIT,,,249,1.08,196.3,1.15,72%,126.5,0.69,0.32,0.04,0.06,30%,35%
kickoff_emea_2025,VCT 2025: EMEA Kickoff,2025,emea,kickoff,SUYGETSU,KC,,,199,1.08,194.2,1.10,75%,122.7,0.69,0.42,0.08,0.10,42%,13%
kickoff_emea_2025,VCT 2025: EMEA Kickoff,2025,emea,kickoff,Shao,NAVI,,,128,1.07,183.8,1.14,73%,120.7,0.70,0.30,0.09,0.05,29%,20%
kickoff_emea_2025,VCT 2025: EMEA Kickoff,2025,emea,kickoff,Cloud,GX,,,176,1.07,206.1,1.03,68%,139.5,0.71,0.26,0.11,0.10,30%,8%
kickoff_emea_2025,VCT 2025: EMEA Kickoff,2025,emea,kickoff,kamyk,TL,,,493,1.07,201.9,1.10,74%,132.9,0.71,0.28,0.09,0.08,25%,15%
kickoff_emea_2025,VCT 2025: EMEA Kickoff,2025,emea,kickoff,Chronicle,FNC,,,215,1.06,195.8,1.10,70%,131.1,0.69,0.35,0.07,0.08,24%,6%
kickoff_emea_2025,VCT 2025: EMEA Kickoff,2025,emea,kickoff,RieNs,TH,,,189,1.06,205.4,1.02,74%,137.4,0.74,0.27,0.11,0.06,43%,9%
kickoff_emea_2025,VCT 2025: EMEA Kickoff,2025,emea,kickoff,PROFEK,BBL,,,244,1.05,200.7,1.07,68%,133.8,0.74,0.31,0.06,0.07,30%,28%
kickoff_emea_2025,VCT 2025: EMEA Kickoff,2025,emea,kickoff,xeus,FUT,,,179,1.05,231.8,1.09,67%,148.7,0.85,0.15,0.14,0.22,38%,25%
kickoff_emea_2025,VCT 2025: EMEA Kickoff,2025,emea,kickoff,Kada,M8,,,192,1.04,181.9,1.03,70%,113.7,0.64,0.36,0.05,0.04,36%,8%
kickoff_emea_2025,VCT 2025: EMEA Kickoff,2025,emea,kickoff,trexx,VIT,,,249,1.03,194.2,1.01,71%,128.3,0.63,0.39,0.08,0.06,17%,18%
kickoff_emea_2025,VCT 2025: EMEA Kickoff,2025,emea,kickoff,Click,M8,,,192,1.02,209.6,1.12,68%,134.1,0.81,0.09,0.19,0.19,38%,25%
kickoff_emea_2025,VCT 2025: EMEA Kickoff,2025,emea,kickoff,Kicks,VIT,,,249,1.01,194.7,1.00,78%,117.7,0.67,0.47,0.09,0.06,29%,16%
kickoff_emea_2025,VCT 2025: EMEA Kickoff,2025,emea,kickoff,paTiTek,TL,,,493,0.99,173.8,0.98,75%,116.2,0.61,0.37,0.09,0.07,26%,13%
kickoff_emea_2025,VCT 2025: EMEA Kickoff,2025,emea,kickoff,Zyppan,M8,,,192,0.98,179.6,0.91,69%,120.8,0.63,0.43,0.08,0.10,31%,12%
kickoff_emea_2025,VCT 2025: EMEA Kickoff,2025,emea,kickoff,kamo,TL,,,493,0.98,219.6,1.05,70%,143.6,0.77,0.16,0.17,0.15,27%,16%
kickoff_emea_2025,VCT 2025: EMEA Kickoff,2025,emea,kickoff,nAts,TL,,,493,0.98,200.0,1.02,71%,135.0,0.71,0.26,0.11,0.09,29%,11%
kickoff_emea_2025,VCT 2025: EMEA Kickoff,2025,emea,kickoff,tomaszy,GX,,,176,0.97,182.5,0.91,72%,120.8,0.66,0.41,0.08,0.09,30%,13%
kickoff_emea_2025,VCT 2025: EMEA Kickoff,2025,emea,kickoff,saadhak,KC,,,199,0.97,183.9,0.97,73%,119.2,0.64,0.34,0.07,0.11,26%,15%
kickoff_emea_2025,VCT 2025: EMEA Kickoff,2025,emea,kickoff,Filu,MKOI,,,117,0.97,228.8,0.99,71%,149.9,0.79,0.17,0.15,0.22,28%,8%
kickoff_emea_2025,VCT 2025: EMEA Kickoff,2025,emea,kickoff,purp0,GX,,,176,0.97,218.5,1.02,70%,143.5,0.78,0.13,0.19,0.16,37%,
kickoff_emea_2025,VCT 2025: EMEA Kickoff,2025,emea,kickoff,Elite,KC,,,199,0.96,170.1,0.96,79%,117.9,0.60,0.24,0.07,0.10,40%,15%
kickoff_emea_2025,VCT 2025: EMEA Kickoff,2025,emea,kickoff,Boaster,FNC,,,215,0.95,169.9,0.91,73%,110.8,0.59,0.47,0.09,0.09,23%,26%
kickoff_emea_2025,VCT 2025: EMEA Kickoff,2025,emea,kickoff,marteen,KC,,,199,0.95,204.2,0.97,66%,134.6,0.72,0.19,0.17,0.18,28%,8%
kickoff_emea_2025,VCT 2025: EMEA Kickoff,2025,emea,kickoff,Jamppi,BBL,,,244,0.94,189.0,0.88,74%,127.9,0.64,0.34,0.05,0.08,29%,23%
kickoff_emea_2025,VCT 2025: EMEA Kickoff,2025,emea,kickoff,MiniBoo,TH,,,189,0.94,197.3,0.92,63%,131.4,0.69,0.19,0.18,0.14,33%,6%
kickoff_emea_2025,VCT 2025: EMEA Kickoff,2025,emea,kickoff,LewN,BBL,,,244,0.93,205.3,0.98,66%,132.8,0.73,0.19,0.16,0.23,36%,13%
kickoff_emea_2025,VCT 2025: EMEA Kickoff,2025,emea,kickoff,AvovA,APK,,,111,0.93,175.4,0.85,75%,117.1,0.61,0.33,0.06,0.07,35%,11%
kickoff_emea_2025,VCT 2025: EMEA Kickoff,2025,emea,kickoff,soulcas,MKOI,,,117,0.92,184.8,0.93,72%,125.3,0.68,0.24,0.08,0.06,33%,14%
kickoff_emea_2025,VCT 2025: EMEA Kickoff,2025,emea,kickoff,MrFaliN,FUT,,,179,0.91,164.8,0.84,67%,109.7,0.56,0.33,0.04,0.09,23%,17%
kickoff_emea_2025,VCT 2025: EMEA Kickoff,2025,emea,kickoff,grubinho,MKOI,,,117,0.91,168.3,0.89,72%,104.5,0.62,0.39,0.08,0.10,26%,21%
kickoff_emea_2025,VCT 2025: EMEA Kickoff,2025,emea,kickoff,qRaxs,FUT,,,179,0.90,178.6,0.85,74%,117.8,0.61,0.41,0.06,0.05,26%,7%
kickoff_emea_2025,VCT 2025: EMEA Kickoff,2025,emea,kickoff,oderus,APK,,,46,0.90,184.5,0.91,65%,132.5,0.67,0.28,0.00,0.13,38%,40%
kickoff_emea_2025,VCT 2025: EMEA Kickoff,2025,emea,kickoff,RobbieBk,M8,,,192,0.90,154.3,0.77,71%,111.0,0.49,0.29,0.07,0.07,28%,4%
kickoff_emea_2025,VCT 2025: EMEA Kickoff,2025,emea,kickoff,runneR,GX,,,176,0.90,170.6,0.81,75%,110.4,0.57,0.40,0.06,0.07,24%,14%
kickoff_emea_2025,VCT 2025: EMEA Kickoff,2025,emea,kickoff,AtaKaptan,FUT,,,179,0.89,170.8,0.79,68%,110.8,0.59,0.37,0.06,0.11,27%,30%
kickoff_emea_2025,VCT 2025: EMEA Kickoff,2025,emea,kickoff,crashies,FNC,,,215,0.89,155.3,0.91,74%,112.0,0.55,0.23,0.05,0.06,34%,14%
kickoff_emea_2025,VCT 2025: EMEA Kickoff,2025,emea,kickoff,koalanoob,NAVI,,,128,0.88,200.7,0.94,63%,133.8,0.72,0.17,0.16,0.17,23%,21%
kickoff_emea_2025,VCT 2025: EMEA Kickoff,2025,emea,kickoff,hiro,NAVI,,,128,0.87,168.7,0.86,66%,120.5,0.62,0.29,0.06,0.08,29%,6%
kickoff_emea_2025,VCT 2025: EMEA Kickoff,2025,emea,kickoff,Boo,TH,,,189,0.86,156.3,0.76,71%,104.6,0.54,0.54,0.05,0.08,38%,
kickoff_emea_2025,VCT 2025: EMEA Kickoff,2025,emea,kickoff,MOLSI,APK,,,111,0.85,149.6,0.70,79%,100.9,0.50,0.46,0.02,0.07,27%,15%
kickoff_emea_2025,VCT 2025: EMEA Kickoff,2025,emea,kickoff,sheydos,MKOI,,,117,0.84,154.3,0.75,66%,111.7,0.54,0.19,0.07,0.03,27%,16%
kickoff_emea_2025,VCT 2025: EMEA Kickoff,2025,emea,kickoff,hype,APK,,,111,0.83,172.6,0.79,64%,116.9,0.59,0.16,0.11,0.12,29%,
kickoff_emea_2025,VCT 2025: EMEA Kickoff,2025,emea,kickoff,westside,GX,,,176,0.83,164.4,0.78,67%,111.2,0.57,0.24,0.07,0.08,36%,5%
kickoff_emea_2025,VCT 2025: EMEA Kickoff,2025,emea,kickoff,benjyfishy,TH,,,189,0.82,161.6,0.80,69%,113.5,0.58,0.21,0.05,0.12,36%,19%
kickoff_emea_2025,VCT 2025: EMEA Kickoff,2025,emea,kickoff,vakk,BBL,,,244,0.78,150.5,0.77,67%,97.4,0.55,0.25,0.03,0.07,32%,16%
kickoff_emea_2025,VCT 2025: EMEA Kickoff,2025,emea,kickoff,flyuh,MKOI,,,117,0.77,168.7,0.77,68%,112.5,0.60,0.25,0.09,0.14,24%,7%
kickoff_emea_2025,VCT 2025: EMEA Kickoff,2025,emea,kickoff,batujnax,APK,,,65,0.76,155.7,0.73,68%,103.0,0.58,0.26,0.09,0.18,19%,17%
kickoff_emea_2025,VCT 2025: EMEA Kickoff,2025,emea,kickoff,ANGE1,NAVI,,,128,0.68,148.0,0.63,63%,99.5,0.47,0.30,0.08,0.09,29%,30%
kickoff_americas_2025,VCT 2025: Americas Kickoff,2025,americas,kickoff,penny,FUR,,,38,1.37,266.0,1.68,82%,165.9,0.97,0.21,0.18,0.11,24%,25%
kickoff_americas_2025,VCT 2025: Americas Kickoff,2025,americas,kickoff,mada,NRG,,,183,1.29,277.3,1.37,75%,173.6,0.97,0.19,0.20,0.21,22%,26%
kickoff_americas_2025,VCT 2025: Americas Kickoff,2025,americas,kickoff,bdog,FUR,,,38,1.28,212.5,1.33,79%,125.5,0.74,0.55,0.05,0.00,35%,
kickoff_americas_2025,VCT 2025: Americas Kickoff,2025,americas,kickoff,aspas,MIBR,,,373,1.26,248.8,1.38,77%,163.4,0.89,0.13,0.20,0.12,23%,7%
kickoff_americas_2025,VCT 2025: Americas Kickoff,2025,americas,kickoff,trent,G2,,,221,1.26,217.2,1.42,75%,150.7,0.81,0.21,0.10,0.07,28%,26%
kickoff_americas_2025,VCT 2025: Americas Kickoff,2025,americas,kickoff,Shyy,KRÜ,,,246,1.20,213.1,1.22,77%,141.9,0.76,0.23,0.08,0.04,28%,24%
kickoff_americas_2025,VCT 2025: Americas Kickoff,2025,americas,kickoff,leaf,G2,,,221,1.19,230.0,1.27,71%,151.6,0.84,0.20,0.15,0.09,27%,22%
kickoff_americas_2025,VCT 2025: Americas Kickoff,2025,americas,kickoff,dgzin,LOUD,,,204,1.19,238.9,1.35,70%,156.1,0.86,0.12,0.21,0.12,26%,13%
kickoff_americas_2025,VCT 2025: Americas Kickoff,2025,americas,kickoff,jakee,FUR,,,38,1.16,221.0,1.16,82%,141.7,0.76,0.47,0.03,0.11,25%,
kickoff_americas_2025,VCT 2025: Americas Kickoff,2025,americas,kickoff,gobera,2G,,,69,1.16,239.5,1.07,75%,157.2,0.84,0.29,0.10,0.06,32%,6%
kickoff_americas_2025,VCT 2025: Americas Kickoff,2025,americas,kickoff,Cryocells,100T,,,170,1.15,233.9,1.20,81%,154.1,0.81,0.24,0.14,0.08,29%,20%
kickoff_americas_2025,VCT 2025: Americas Kickoff,2025,americas,kickoff,Melser,KRÜ,,,246,1.14,204.0,1.23,78%,125.7,0.74,0.36,0.10,0.07,33%,26%
kickoff_americas_2025,VCT 2025: Americas Kickoff,2025,americas,kickoff,s0m,NRG,,,183,1.11,215.0,1.10,81%,134.1,0.75,0.44,0.10,0.08,24%,11%
kickoff_americas_2025,VCT 2025: Americas Kickoff,2025,americas,kickoff,Khalil,FUR,,,80,1.10,211.3,1.07,79%,137.1,0.78,0.26,0.09,0.04,39%,7%
kickoff_americas_2025,VCT 2025: Americas Kickoff,2025,americas,kickoff,eeiu,100T,,,170,1.09,198.1,1.21,78%,129.0,0.76,0.32,0.06,0.05,41%,17%
kickoff_americas_2025,VCT 2025: Americas Kickoff,2025,americas,kickoff,johnqt,SEN,,,370,1.09,186.5,1.05,74%,127.9,0.65,0.27,0.06,0.05,27%,10%
kickoff_americas_2025,VCT 2025: Americas Kickoff,2025,americas,kickoff,kiNgg,LEV,,,148,1.09,216.0,1.08,80%,138.4,0.76,0.39,0.09,0.09,32%,16%
kickoff_americas_2025,VCT 2025: Americas Kickoff,2025,americas,kickoff,pANcada,LOUD,,,204,1.08,193.4,1.08,75%,129.0,0.70,0.31,0.08,0.05,39%,5%
kickoff_americas_2025,VCT 2025: Americas Kickoff,2025,americas,kickoff,stellar,FUR,,,38,1.08,204.5,1.21,76%,143.3,0.76,0.29,0.11,0.16,19%,100%
kickoff_americas_2025,VCT 2025: Americas Kickoff,2025,americas,kickoff,JonahP,G2,,,221,1.05,178.9,1.04,78%,113.7,0.65,0.51,0.05,0.06,24%,18%
kickoff_americas_2025,VCT 2025: Americas Kickoff,2025,americas,kickoff,nataNk,LEV,,,148,1.05,207.1,1.07,76%,136.9,0.70,0.38,0.13,0.14,25%,27%
kickoff_americas_2025,VCT 2025: Americas Kickoff,2025,americas,kickoff,Asuna,100T,,,170,1.04,234.3,1.08,71%,149.7,0.78,0.28,0.19,0.16,22%,43%
kickoff_americas_2025,VCT 2025: Americas Kickoff,2025,americas,kickoff,zekken,SEN,,,370,1.04,219.7,1.10,72%,144.3,0.79,0.22,0.19,0.18,23%,14%
kickoff_americas_2025,VCT 2025: Americas Kickoff,2025,americas,kickoff,xenom,MIBR,,,373,1.04,182.6,1.03,76%,118.2,0.66,0.42,0.06,0.06,31%,17%
kickoff_americas_2025,VCT 2025: Americas Kickoff,2025,americas,kickoff,keznit,KRÜ,,,246,1.03,214.6,1.10,73%,137.9,0.74,0.16,0.17,0.16,22%,17%
kickoff_americas_2025,VCT 2025: Americas Kickoff,2025,americas,kickoff,tex,LEV,,,148,1.03,186.6,1.09,70%,123.3,0.70,0.09,0.06,0.11,36%,30%
kickoff_americas_2025,VCT 2025: Americas Kickoff,2025,americas,kickoff,valyn,G2,,,221,1.03,187.5,1.03,72%,122.8,0.66,0.40,0.06,0.07,20%,29%
kickoff_americas_2025,VCT 2025: Americas Kickoff,2025,americas,kickoff,supamen,EG,,,128,1.01,190.0,1.01,70%,123.2,0.69,0.29,0.09,0.08,35%,29%
kickoff_americas_2025,VCT 2025: Americas Kickoff,2025,americas,kickoff,Zellsis,SEN,,,370,1.01,200.2,0.97,70%,129.9,0.69,0.35,0.08,0.11,24%,11%
kickoff_americas_2025,VCT 2025: Americas Kickoff,2025,americas,kickoff,Ethan,NRG,,,183,1.01,188.0,0.94,72%,123.4,0.62,0.44,0.04,0.08,27%,25%
kickoff_americas_2025,VCT 2025: Americas Kickoff,2025,americas,kickoff,N4RRATE,SEN,,,370,1.00,193.5,0.95,74%,124.8,0.66,0.38,0.07,0.08,23%,28%
kickoff_americas_2025,VCT 2025: Americas Kickoff,2025,americas,kickoff,bang,SEN,,,370,1.00,189.4,0.96,76%,123.8,0.65,0.41,0.08,0.09,34%,15%
kickoff_americas_2025,VCT 2025: Americas Kickoff,2025,americas,kickoff,v1c,C9,,,152,0.97,174.0,0.91,72%,115.2,0.61,0.39,0.07,0.05,24%,26%
kickoff_americas_2025,VCT 2025: Americas Kickoff,2025,americas,kickoff,yay,EG,,,128,0.97,193.7,0.96,62%,129.3,0.66,0.20,0.16,0.10,30%,27%
kickoff_americas_2025,VCT 2025: Americas Kickoff,2025,americas,kickoff,jawgemo,G2,,,221,0.97,217.3,0.99,72%,136.7,0.76,0.30,0.19,0.15,18%,17%
kickoff_americas_2025,VCT 2025: Americas Kickoff,2025,americas,kickoff,Xeppaa,C9,,,152,0.96,194.6,0.93,71%,131.4,0.70,0.27,0.07,0.05,21%,17%
kickoff_americas_2025,VCT 2025: Americas Kickoff,2025,americas,kickoff,NaturE,EG,,,128,0.95,171.7,0.90,69%,117.3,0.60,0.28,0.04,0.07,25%,21%
kickoff_americas_2025,VCT 2025: Americas Kickoff,2025,americas,kickoff,adverso,KRÜ,,,246,0.94,186.3,0.93,71%,122.3,0.64,0.31,0.08,0.10,19%,29%
kickoff_americas_2025,VCT 2025: Americas Kickoff,2025,americas,kickoff,C0M,LEV,,,148,0.94,195.9,0.97,74%,132.2,0.70,0.26,0.06,0.07,21%,17%
kickoff_americas_2025,VCT 2025: Americas Kickoff,2025,americas,kickoff,icy,EG,,,128,0.94,216.5,0.96,66%,141.0,0.74,0.16,0.14,0.20,21%,6%
kickoff_americas_2025,VCT 2025: Americas Kickoff,2025,americas,kickoff,cauanzin,LOUD,,,204,0.94,211.4,0.93,65%,138.0,0.70,0.24,0.13,0.13,28%,13%
kickoff_americas_2025,VCT 2025: Americas Kickoff,2025,americas,kickoff,Verno,NRG,,,183,0.94,172.1,0.97,77%,114.4,0.63,0.23,0.06,0.07,33%,9%
kickoff_americas_2025,VCT 2025: Americas Kickoff,2025,americas,kickoff,nzr,MIBR,,,373,0.93,172.3,0.86,69%,118.8,0.58,0.33,0.04,0.03,27%,8%
kickoff_americas_2025,VCT 2025: Americas Kickoff,2025,americas,kickoff,Demon1,LEV,,,148,0.90,198.1,0.93,70%,137.2,0.70,0.30,0.08,0.16,26%,
kickoff_americas_2025,VCT 2025: Americas Kickoff,2025,americas,kickoff,Add3r,FUR,,,38,0.89,194.5,1.00,66%,126.2,0.74,0.08,0.11,0.16,33%,
kickoff_americas_2025,VCT 2025: Americas Kickoff,2025,americas,kickoff,Mazino,KRÜ,,,246,0.89,182.5,0.89,72%,118.3,0.65,0.45,0.09,0.13,27%,10%
kickoff_americas_2025,VCT 2025: Americas Kickoff,2025,americas,kickoff,zander,100T,,,170,0.89,171.6,0.88,74%,106.7,0.59,0.33,0.11,0.10,25%,21%
kickoff_americas_2025,VCT 2025: Americas Kickoff,2025,americas,kickoff,tuyz,LOUD,,,204,0.88,158.6,0.84,70%,103.0,0.55,0.25,0.08,0.08,31%,35%
kickoff_americas_2025,VCT 2025: Americas Kickoff,2025,americas,kickoff,v1nny,LOUD,,,204,0.88,153.8,0.82,72%,108.2,0.54,0.39,0.03,0.08,34%,12%
kickoff_americas_2025,VCT 2025: Americas Kickoff,2025,americas,kickoff,OXY,C9,,,152,0.88,222.0,0.93,66%,145.7,0.78,0.20,0.16,0.22,23%,17%
kickoff_americas_2025,VCT 2025: Americas Kickoff,2025,americas,kickoff,mwzera,FUR,,,80,0.87,166.3,0.80,66%,111.6,0.55,0.29,0.09,0.09,18%,
kickoff_americas_2025,VCT 2025: Americas Kickoff,2025,americas,kickoff,cortezia,MIBR,,,373,0.86,184.4,0.92,67%,125.6,0.66,0.18,0.08,0.08,34%,6%
kickoff_americas_2025,VCT 2025: Americas Kickoff,2025,americas,kickoff,havoc,FUR,,,80,0.86,220.0,0.86,70%,146.8,0.71,0.23,0.18,0.16,24%,
kickoff_americas_2025,VCT 2025: Americas Kickoff,2025,americas,kickoff,artzin,MIBR,,,373,0.85,192.8,0.84,68%,126.4,0.65,0.30,0.13,0.19,18%,18%
kickoff_americas_2025,VCT 2025: Americas Kickoff,2025,americas,kickoff,Derrek,EG,,,128,0.85,174.8,0.83,73%,115.3,0.61,0.34,0.04,0.09,35%,5%
kickoff_americas_2025,VCT 2025: Americas Kickoff,2025,americas,kickoff,neT,C9,,,152,0.83,174.7,0.86,68%,116.2,0.63,0.23,0.09,0.10,40%,10%
kickoff_americas_2025,VCT 2025: Americas Kickoff,2025,americas,kickoff,mitch,C9,,,152,0.80,163.0,0.71,67%,103.2,0.52,0.47,0.08,0.12,20%,14%
kickoff_americas_2025,VCT 2025: Americas Kickoff,2025,americas,kickoff,lz,2G,,,69,0.80,171.3,0.74,61%,118.0,0.61,0.26,0.12,0.17,44%,20%
kickoff_americas_2025,VCT 2025: Americas Kickoff,2025,americas,kickoff,FiNESSE,NRG,,,183,0.79,145.1,0.68,68%,99.6,0.47,0.32,0.05,0.10,18%,5%
kickoff_americas_2025,VCT 2025: Americas Kickoff,2025,americas,kickoff,heat,FUR,,,80,0.79,172.5,0.83,61%,116.1,0.61,0.09,0.09,0.13,41%,11%
kickoff_americas_2025,VCT 2025: Americas Kickoff,2025,americas,kickoff,silentzz,2G,,,69,0.75,188.5,0.71,65%,122.1,0.64,0.16,0.22,0.16,40%,
kickoff_americas_2025,VCT 2025: Americas Kickoff,2025,americas,kickoff,pryze,2G,,,69,0.70,149.5,0.62,71%,96.0,0.46,0.30,0.03,0.01,23%,
kickoff_americas_2025,VCT 2025: Americas Kickoff,2025,americas,kickoff,Boostio,100T,,,170,0.69,138.0,0.68,69%,85.7,0.48,0.33,0.05,0.07,23%,7%
kickoff_americas_2025,VCT 2025: Americas Kickoff,2025,americas,kickoff,raafa,FUR,,,80,0.60,136.3,0.56,55%,93.7,0.44,0.25,0.03,0.13,21%,8%
kickoff_americas_2025,VCT 2025: Americas Kickoff,2025,americas,kickoff,Zap,2G,,,69,0.51,128.3,0.49,62%,92.8,0.41,0.25,0.03,0.10,19%,
kickoff_pacific_2025,VCT 2025: Pacific Kickoff,2025,pacific,kickoff,Karon,GEN,,,304,1.20,205.2,1.25,78%,135.9,0.74,0.45,0.05,0.08,32%,12%
kickoff_pacific_2025,VCT 2025: Pacific Kickoff,2025,pacific,kickoff,Jemkin,RRQ,,,269,1.20,257.4,1.29,75%,164.2,0.91,0.22,0.22,0.16,27%,9%
kickoff_pacific_2025,VCT 2025: Pacific Kickoff,2025,pacific,kickoff,Meiy,DFM,,,180,1.19,240.4,1.21,72%,161.3,0.88,0.16,0.18,0.11,31%,28%
kickoff_pacific_2025,VCT 2025: Pacific Kickoff,2025,pacific,kickoff,primmie,TLN,,,217,1.19,234.8,1.30,75%,152.2,0.87,0.19,0.05,0.06,36%,13%
kickoff_pacific_2025,VCT 2025: Pacific Kickoff,2025,pacific,kickoff,free1ng,KRX,,,297,1.16,222.2,1.24,75%,146.5,0.81,0.24,0.10,0.07,29%,18%
kickoff_pacific_2025,VCT 2025: Pacific Kickoff,2025,pacific,kickoff,BerserX,BME,,,123,1.14,208.8,1.19,73%,145.1,0.75,0.18,0.07,0.09,25%,11%
kickoff_pacific_2025,VCT 2025: Pacific Kickoff,2025,pacific,kickoff,Kushy,RRQ,,,269,1.14,222.2,1.14,74%,142.6,0.74,0.32,0.08,0.06,34%,17%
kickoff_pacific_2025,VCT 2025: Pacific Kickoff,2025,pacific,kickoff,MaKo,KRX,,,297,1.12,204.8,1.09,78%,134.8,0.71,0.48,0.09,0.09,26%,27%
kickoff_pacific_2025,VCT 2025: Pacific Kickoff,2025,pacific,kickoff,f0rsakeN,PRX,,,140,1.12,221.6,1.10,78%,148.5,0.79,0.38,0.09,0.09,35%,
kickoff_pacific_2025,VCT 2025: Pacific Kickoff,2025,pacific,kickoff,Ivy,NS,,,319,1.11,195.8,1.16,78%,124.4,0.73,0.35,0.07,0.05,30%,26%
kickoff_pacific_2025,VCT 2025: Pacific Kickoff,2025,pacific,kickoff,HYUNMIN,KRX,,,297,1.11,245.4,1.15,73%,165.5,0.86,0.16,0.22,0.13,28%,11%
kickoff_pacific_2025,VCT 2025: Pacific Kickoff,2025,pacific,kickoff,Francis,NS,,,319,1.10,218.8,1.07,76%,144.7,0.74,0.39,0.08,0.08,23%,11%
kickoff_pacific_2025,VCT 2025: Pacific Kickoff,2025,pacific,kickoff,Kr1stal,GE,,,164,1.10,207.3,1.07,72%,139.0,0.70,0.28,0.10,0.09,24%,18%
kickoff_pacific_2025,VCT 2025: Pacific Kickoff,2025,pacific,kickoff,JessieVash,TS,,,111,1.10,217.8,1.09,68%,155.5,0.78,0.23,0.07,0.06,36%,14%
kickoff_pacific_2025,VCT 2025: Pacific Kickoff,2025,pacific,kickoff,Persia,NS,,,319,1.09,191.2,1.06,78%,125.5,0.68,0.47,0.05,0.06,27%,22%
kickoff_pacific_2025,VCT 2025: Pacific Kickoff,2025,pacific,kickoff,JitBoyS,TLN,,,217,1.09,190.2,1.08,73%,125.0,0.71,0.32,0.09,0.06,34%,20%
kickoff_pacific_2025,VCT 2025: Pacific Kickoff,2025,pacific,kickoff,Estrella,RRQ,,,269,1.08,181.4,1.04,77%,122.0,0.64,0.46,0.06,0.07,31%,20%
kickoff_pacific_2025,VCT 2025: Pacific Kickoff,2025,pacific,kickoff,BuZz,T1,,,483,1.07,236.6,1.08,71%,154.8,0.81,0.21,0.21,0.16,19%,20%
kickoff_pacific_2025,VCT 2025: Pacific Kickoff,2025,pacific,kickoff,Jinggg,PRX,,,140,1.04,218.1,1.10,71%,143.6,0.77,0.16,0.14,0.16,20%,8%
kickoff_pacific_2025,VCT 2025: Pacific Kickoff,2025,pacific,kickoff,Dep,ZETA,,,83,1.04,227.0,1.03,64%,135.2,0.78,0.19,0.14,0.19,28%,33%
kickoff_pacific_2025,VCT 2025: Pacific Kickoff,2025,pacific,kickoff,Famouz,BME,,,123,1.04,230.5,1.07,72%,142.9,0.79,0.20,0.20,0.20,13%,15%
kickoff_pacific_2025,VCT 2025: Pacific Kickoff,2025,pacific,kickoff,Munchkin,GEN,,,304,1.03,202.4,1.03,75%,130.3,0.67,0.37,0.10,0.09,24%,6%
kickoff_pacific_2025,VCT 2025: Pacific Kickoff,2025,pacific,kickoff,carpe,T1,,,297,1.02,180.8,0.91,75%,117.9,0.63,0.54,0.06,0.05,34%,14%
kickoff_pacific_2025,VCT 2025: Pacific Kickoff,2025,pacific,kickoff,yoman,GEN,,,304,1.00,172.1,1.00,74%,108.5,0.61,0.31,0.06,0.06,30%,6%
kickoff_pacific_2025,VCT 2025: Pacific Kickoff,2025,pacific,kickoff,Akame,DFM,,,180,1.00,201.9,0.94,76%,129.5,0.68,0.32,0.11,0.08,31%,12%
kickoff_pacific_2025,VCT 2025: Pacific Kickoff,2025,pacific,kickoff,d4v41,PRX,,,140,1.00,194.0,0.99,79%,139.0,0.69,0.31,0.06,0.07,32%,13%
kickoff_pacific_2025,VCT 2025: Pacific Kickoff,2025,pacific,kickoff,dos9,BME,,,123,1.00,180.2,0.90,78%,114.6,0.63,0.41,0.07,0.04,28%,13%
kickoff_pacific_2025,VCT 2025: Pacific Kickoff,2025,pacific,kickoff,iZu,T1,,,483,1.00,183.5,1.02,72%,126.7,0.66,0.22,0.07,0.09,28%,10%
kickoff_pacific_2025,VCT 2025: Pacific Kickoff,2025,pacific,kickoff,Papi,GE,,,164,1.00,174.0,0.99,73%,112.8,0.63,0.32,0.08,0.04,39%,19%
kickoff_pacific_2025,VCT 2025: Pacific Kickoff,2025,pacific,kickoff,stax,T1,,,483,0.99,169.7,0.93,72%,116.8,0.60,0.39,0.06,0.06,26%,10%
kickoff_pacific_2025,VCT 2025: Pacific Kickoff,2025,pacific,kickoff,Monyet,RRQ,,,269,0.99,187.9,1.02,72%,120.3,0.67,0.32,0.07,0.12,31%,23%
kickoff_pacific_2025,VCT 2025: Pacific Kickoff,2025,pacific,kickoff,t3xture,GEN,,,304,0.99,222.4,1.12,65%,141.8,0.82,0.13,0.18,0.23,24%,18%
kickoff_pacific_2025,VCT 2025: Pacific Kickoff,2025,pacific,kickoff,something,PRX,,,140,0.98,210.4,1.01,72%,131.3,0.74,0.22,0.16,0.14,22%,14%
kickoff_pacific_2025,VCT 2025: Pacific Kickoff,2025,pacific,kickoff,UdoTan,GE,,,164,0.98,217.9,1.00,66%,138.5,0.76,0.13,0.13,0.20,26%,
kickoff_pacific_2025,VCT 2025: Pacific Kickoff,2025,pacific,kickoff,Foxy9,GEN,,,304,0.97,194.5,1.03,66%,125.3,0.69,0.16,0.08,0.08,34%,21%
kickoff_pacific_2025,VCT 2025: Pacific Kickoff,2025,pacific,kickoff,xffero,RRQ,,,269,0.97,180.6,1.02,75%,121.3,0.66,0.25,0.09,0.09,27%,11%
kickoff_pacific_2025,VCT 2025: Pacific Kickoff,2025,pacific,kickoff,margaret,NS,,,319,0.96,180.7,0.96,72%,122.0,0.65,0.23,0.13,0.08,28%,8%
kickoff_pacific_2025,VCT 2025: Pacific Kickoff,2025,pacific,kickoff,BeYN,KRX,,,297,0.95,159.9,0.88,75%,106.1,0.56,0.40,0.05,0.05,27%,9%
kickoff_pacific_2025,VCT 2025: Pacific Kickoff,2025,pacific,kickoff,Flashback,KRX,,,297,0.94,183.9,0.95,74%,121.8,0.63,0.25,0.08,0.11,24%,10%
kickoff_pacific_2025,VCT 2025: Pacific Kickoff,2025,pacific,kickoff,Sylvan,T1,,,186,0.93,176.3,0.87,76%,118.7,0.60,0.53,0.05,0.11,26%,25%
kickoff_pacific_2025,VCT 2025: Pacific Kickoff,2025,pacific,kickoff,Meteor,T1,,,483,0.93,203.2,0.97,66%,136.6,0.72,0.18,0.10,0.13,28%,9%
kickoff_pacific_2025,VCT 2025: Pacific Kickoff,2025,pacific,kickoff,Shiro,BME,,,123,0.92,174.5,0.82,75%,114.0,0.59,0.46,0.12,0.10,20%,14%
kickoff_pacific_2025,VCT 2025: Pacific Kickoff,2025,pacific,kickoff,Jinboong,DFM,,,180,0.92,169.6,0.92,70%,111.8,0.62,0.23,0.06,0.12,34%,13%
kickoff_pacific_2025,VCT 2025: Pacific Kickoff,2025,pacific,kickoff,gyen,DFM,,,180,0.91,168.0,0.90,66%,110.1,0.61,0.28,0.08,0.07,27%,11%
kickoff_pacific_2025,VCT 2025: Pacific Kickoff,2025,pacific,kickoff,mindfreak,PRX,,,140,0.90,168.6,0.83,70%,110.9,0.59,0.44,0.04,0.04,30%,13%
kickoff_pacific_2025,VCT 2025: Pacific Kickoff,2025,pacific,kickoff,invy,TS,,,111,0.89,173.8,0.80,79%,117.1,0.59,0.45,0.05,0.06,32%,8%
kickoff_pacific_2025,VCT 2025: Pacific Kickoff,2025,pacific,kickoff,ban,TLN,,,217,0.89,183.7,0.94,67%,117.4,0.64,0.20,0.10,0.12,34%,13%
kickoff_pacific_2025,VCT 2025: Pacific Kickoff,2025,pacific,kickoff,Jremy,TS,,,111,0.89,215.3,1.00,61%,130.4,0.75,0.08,0.17,0.16,26%,14%
kickoff_pacific_2025,VCT 2025: Pacific Kickoff,2025,pacific,kickoff,Deryeon,GE,,,164,0.89,155.3,0.89,67%,107.4,0.58,0.18,0.07,0.12,26%,10%
kickoff_pacific_2025,VCT 2025: Pacific Kickoff,2025,pacific,kickoff,Dambi,NS,,,319,0.87,218.5,0.88,73%,135.7,0.71,0.35,0.21,0.19,20%,20%
kickoff_pacific_2025,VCT 2025: Pacific Kickoff,2025,pacific,kickoff,Art,DFM,,,180,0.85,177.0,0.80,68%,115.6,0.58,0.30,0.08,0.12,19%,12%
kickoff_pacific_2025,VCT 2025: Pacific Kickoff,2025,pacific,kickoff,kellyS,GE,,,164,0.85,175.1,0.79,67%,118.4,0.59,0.32,0.08,0.09,25%,
kickoff_pacific_2025,VCT 2025: Pacific Kickoff,2025,pacific,kickoff,2GE,TS,,,111,0.84,166.0,0.81,72%,101.6,0.57,0.33,0.12,0.14,16%,14%
kickoff_pacific_2025,VCT 2025: Pacific Kickoff,2025,pacific,kickoff,Wild0reoo,TS,,,111,0.80,164.0,0.76,66%,112.8,0.53,0.14,0.09,0.07,33%,
kickoff_pacific_2025,VCT 2025: Pacific Kickoff,2025,pacific,kickoff,SugarZ3ro,ZETA,,,83,0.80,175.8,0.72,72%,114.3,0.57,0.41,0.06,0.06,33%,17%
kickoff_pacific_2025,VCT 2025: Pacific Kickoff,2025,pacific,kickoff,CLZ,ZETA,,,83,0.78,142.0,0.65,70%,95.7,0.49,0.33,0.01,0.11,37%,14%
kickoff_pacific_2025,VCT 2025: Pacific Kickoff,2025,pacific,kickoff,Crws,TLN,,,217,0.75,146.1,0.71,69%,96.1,0.49,0.31,0.05,0.08,25%,14%
kickoff_pacific_2025,VCT 2025: Pacific Kickoff,2025,pacific,kickoff,Governor,TLN,,,217,0.75,173.6,0.77,65%,111.6,0.58,0.16,0.17,0.20,19%,6%
kickoff_pacific_2025,VCT 2025: Pacific Kickoff,2025,pacific,kickoff,SyouTa,ZETA,,,83,0.75,177.8,0.76,61%,114.1,0.64,0.11,0.11,0.13,44%,12%
kickoff_pacific_2025,VCT 2025: Pacific Kickoff,2025,pacific,kickoff,NcSlasher,BME,,,123,0.73,147.5,0.71,71%,97.3,0.52,0.33,0.02,0.07,31%,
kickoff_pacific_2025,VCT 2025: Pacific Kickoff,2025,pacific,kickoff,Xdll,ZETA,,,83,0.70,174.0,0.70,59%,115.4,0.59,0.10,0.10,0.08,33%,
kickoff_china_2025,VCT 2025: China Kickoff,2025,china,kickoff,Rarga,XLG,,,290,,242.2,1.14,,,0.85,0.13,,,,
kickoff_china_2025,VCT 2025: China Kickoff,2025,china,kickoff,Autumn,FPX,,,167,,204.9,1.02,,,0.69,0.24,,,,
kickoff_china_2025,VCT 2025: China Kickoff,2025,china,kickoff,K1ra,AG,,,89,,181.8,0.77,,,0.63,0.25,,,,
kickoff_china_2025,VCT 2025: China Kickoff,2025,china,kickoff,Lsn,AG,,,89,,164.8,0.81,,,0.63,0.36,,,,
kickoff_china_2025,VCT 2025: China Kickoff,2025,china,kickoff,SWERL,NOVA,,,186,,219.8,1.08,,,0.76,0.18,,,,
kickoff_china_2025,VCT 2025: China Kickoff,2025,china,kickoff,o0o0o,NOVA,,,186,,143.9,0.69,,,0.49,0.44,,,,
kickoff_china_2025,VCT 2025: China Kickoff,2025,china,kickoff,cb,NOVA,,,186,,214.9,1.05,,,0.75,0.32,,,,
kickoff_china_2025,VCT 2025: China Kickoff,2025,china,kickoff,GuanG,NOVA,,,186,,225.3,1.30,,,0.84,0.15,,,,
kickoff_china_2025,VCT 2025: China Kickoff,2025,china,kickoff,Ezeir,NOVA,,,186,,223.4,1.07,,,0.74,0.49,,,,
kickoff_china_2025,VCT 2025: China Kickoff,2025,china,kickoff,Knight,BLG,,,244,,192.2,1.00,,,0.67,0.30,,,,
kickoff_china_2025,VCT 2025: China Kickoff,2025,china,kickoff,whzy,BLG,,,244,,206.7,0.98,,,0.73,0.19,,,,
kickoff_china_2025,VCT 2025: China Kickoff,2025,china,kickoff,nephh,BLG,,,244,,228.5,1.06,,,0.77,0.40,,,,
kickoff_china_2025,VCT 2025: China Kickoff,2025,china,kickoff,Levius,BLG,,,244,,167.2,0.85,,,0.61,0.14,,,,
kickoff_china_2025,VCT 2025: China Kickoff,2025,china,kickoff,rushia,BLG,,,244,,163.2,0.86,,,0.59,0.35,,,,
kickoff_china_2025,VCT 2025: China Kickoff,2025,china,kickoff,Life,FPX,,,167,,242.9,1.11,,,0.81,0.22,,,,
kickoff_china_2025,VCT 2025: China Kickoff,2025,china,kickoff,deLb,AG,,,89,,210.4,1.01,,,0.79,0.10,,,,
kickoff_china_2025,VCT 2025: China Kickoff,2025,china,kickoff,yosemite,FPX,,,167,,216.4,1.13,,,0.77,0.24,,,,
kickoff_china_2025,VCT 2025: China Kickoff,2025,china,kickoff,BerLIN,FPX,,,167,,155.1,0.75,,,0.51,0.41,,,,
kickoff_china_2025,VCT 2025: China Kickoff,2025,china,kickoff,AAAAY,FPX,,,167,,192.3,1.04,,,0.70,0.17,,,,
kickoff_china_2025,VCT 2025: China Kickoff,2025,china,kickoff,Biank,TE,,,233,,211.1,0.97,,,0.72,0.38,,,,
kickoff_china_2025,VCT 2025: China Kickoff,2025,china,kickoff,LuoK1ng,TE,,,233,,201.4,1.13,,,0.73,0.53,,,,
kickoff_china_2025,VCT 2025: China Kickoff,2025,china,kickoff,heybay,TE,,,233,,197.4,1.02,,,0.69,0.35,,,,
kickoff_china_2025,VCT 2025: China Kickoff,2025,china,kickoff,FengF,TE,,,233,,225.7,1.13,,,0.81,0.14,,,,
kickoff_china_2025,VCT 2025: China Kickoff,2025,china,kickoff,Kai,TE,,,233,,207.8,1.04,,,0.75,0.23,,,,
kickoff_china_2025,VCT 2025: China Kickoff,2025,china,kickoff,nobody,EDG,,,333,,205.9,1.20,,,0.76,0.22,,,,
kickoff_china_2025,VCT 2025: China Kickoff,2025,china,kickoff,ZmjjKK,EDG,,,333,,270.4,1.27,,,0.94,0.22,,,,
kickoff_china_2025,VCT 2025: China Kickoff,2025,china,kickoff,Smoggy,EDG,,,333,,212.2,1.21,,,0.78,0.40,,,,
kickoff_china_2025,VCT 2025: China Kickoff,2025,china,kickoff,S1Mon,EDG,,,333,,151.4,0.84,,,0.53,0.55,,,,
kickoff_china_2025,VCT 2025: China Kickoff,2025,china,kickoff,CHICHOO,EDG,,,333,,209.3,1.18,,,0.76,0.27,,,,
kickoff_china_2025,VCT 2025: China Kickoff,2025,china,kickoff,monk,AG,,,89,,167.0,0.63,,,0.52,0.40,,,,
kickoff_china_2025,VCT 2025: China Kickoff,2025,china,kickoff,nizhaoTZH,AG,,,37,,131.0,0.42,,,0.35,0.38,,,,
kickoff_china_2025,VCT 2025: China Kickoff,2025,china,kickoff,happywei,XLG,,,290,,239.4,1.32,,,0.85,0.35,,,,
kickoff_china_2025,VCT 2025: China Kickoff,2025,china,kickoff,5CM,TYL,,,89,,160.8,0.71,,,0.53,0.38,,,,
kickoff_china_2025,VCT 2025: China Kickoff,2025,china,kickoff,YOU,XLG,,,290,,166.9,0.90,,,0.58,0.48,,,,
kickoff_china_2025,VCT 2025: China Kickoff,2025,china,kickoff,coconut,XLG,,,290,,192.8,1.01,,,0.65,0.32,,,,
kickoff_china_2025,VCT 2025: China Kickoff,2025,china,kickoff,Viva,XLG,,,290,,163.1,0.92,,,0.58,0.30,,,,
kickoff_china_2025,VCT 2025: China Kickoff,2025,china,kickoff,Spring,WOL,,,110,,225.8,1.02,,,0.76,0.15,,,,
kickoff_china_2025,VCT 2025: China Kickoff,2025,china,kickoff,Yuicaw,WOL,,,110,,180.4,0.80,,,0.60,0.35,,,,
kickoff_china_2025,VCT 2025: China Kickoff,2025,china,kickoff,SiuFatBB,WOL,,,110,,152.8,0.80,,,0.55,0.25,,,,
kickoff_china_2025,VCT 2025: China Kickoff,2025,china,kickoff,Lysoar,WOL,,,110,,198.6,0.80,,,0.65,0.20,,,,
kickoff_china_2025,VCT 2025: China Kickoff,2025,china,kickoff,Juicy,WOL,,,110,,186.6,0.94,,,0.66,0.41,,,,
kickoff_china_2025,VCT 2025: China Kickoff,2025,china,kickoff,Ninebody,TYL,,,89,,193.3,0.92,,,0.66,0.20,,,,
kickoff_china_2025,VCT 2025: China Kickoff,2025,china,kickoff,zjc,TYL,,,89,,203.3,0.85,,,0.64,0.33,,,,
kickoff_china_2025,VCT 2025: China Kickoff,2025,china,kickoff,Eren,TYL,,,89,,165.5,0.81,,,0.62,0.24,,,,
kickoff_china_2025,VCT 2025: China Kickoff,2025,china,kickoff,slowly,TYL,,,89,,225.8,1.19,,,0.83,0.26,,,,
kickoff_china_2025,VCT 2025: China Kickoff,2025,china,kickoff,B1ack,TEC,,,148,,189.6,0.93,,,0.64,0.54,,,,
kickoff_china_2025,VCT 2025: China Kickoff,2025,china,kickoff,SpiritZ1,DRG,,,283,,179.1,0.89,,,0.65,0.24,,,,
kickoff_china_2025,VCT 2025: China Kickoff,2025,china,kickoff,Abo,TEC,,,148,,188.7,0.90,,,0.69,0.11,,,,
kickoff_china_2025,VCT 2025: China Kickoff,2025,china,kickoff,Rb,TEC,,,148,,194.0,0.94,,,0.67,0.26,,,,
kickoff_china_2025,VCT 2025: China Kickoff,2025,china,kickoff,Haodong,TEC,,,148,,198.3,1.03,,,0.69,0.51,,,,
kickoff_china_2025,VCT 2025: China Kickoff,2025,china,kickoff,Dynamite,TEC,,,148,,179.3,0.82,,,0.64,0.16,,,,
kickoff_china_2025,VCT 2025: China Kickoff,2025,china,kickoff,stew,JDG,,,162,,250.5,1.40,,,0.91,0.16,,,,
kickoff_china_2025,VCT 2025: China Kickoff,2025,china,kickoff,jkuro,JDG,,,162,,201.6,0.89,,,0.67,0.40,,,,
kickoff_china_2025,VCT 2025: China Kickoff,2025,china,kickoff,Z1yan,JDG,,,162,,225.1,1.23,,,0.81,0.23,,,,
kickoff_china_2025,VCT 2025: China Kickoff,2025,china,kickoff,MrCANI,JDG,,,162,,131.3,0.61,,,0.46,0.29,,,,
kickoff_china_2025,VCT 2025: China Kickoff,2025,china,kickoff,Babyblue,JDG,,,162,,185.3,0.91,,,0.66,0.21,,,,
kickoff_china_2025,VCT 2025: China Kickoff,2025,china,kickoff,vo0kashu,DRG,,,283,,210.3,1.10,,,0.75,0.24,,,,
kickoff_china_2025,VCT 2025: China Kickoff,2025,china,kickoff,Flex1n,DRG,,,283,,195.9,1.03,,,0.70,0.39,,,,
kickoff_china_2025,VCT 2025: China Kickoff,2025,china,kickoff,TvirusLuke,DRG,,,283,,192.5,0.88,,,0.70,0.16,,,,
kickoff_china_2025,VCT 2025: China Kickoff,2025,china,kickoff,Nicc,DRG,,,283,,193.8,0.98,,,0.67,0.58,,,,
kickoff_china_2025,VCT 2025: China Kickoff,2025,china,kickoff,bunt,AG,,,52,,121.7,0.49,,,0.38,0.29,,,,
masters_bangkok_2025,Masters Bangkok 2025,2025,intl,masters,CHICHOO,EDG,,,313,1.23,235.6,1.27,71%,158.1,0.87,0.28,0.08,0.07,28%,22%
masters_bangkok_2025,Masters Bangkok 2025,2025,intl,masters,nAts,TL,,,155,1.21,257.6,1.32,72%,155.1,0.91,0.19,0.09,0.12,26%,13%
masters_bangkok_2025,Masters Bangkok 2025,2025,intl,masters,trent,G2,,,360,1.21,220.0,1.21,75%,146.9,0.76,0.32,0.09,0.09,25%,29%
masters_bangkok_2025,Masters Bangkok 2025,2025,intl,masters,Derke,VIT,,,225,1.18,257.2,1.20,70%,166.8,0.91,0.17,0.20,0.20,22%,31%
masters_bangkok_2025,Masters Bangkok 2025,2025,intl,masters,iZu,T1,,,453,1.13,207.1,1.24,75%,130.6,0.75,0.21,0.11,0.09,30%,31%
masters_bangkok_2025,Masters Bangkok 2025,2025,intl,masters,free1ng,KRX,,,149,1.10,227.3,1.16,77%,146.9,0.79,0.26,0.12,0.11,29%,7%
masters_bangkok_2025,Masters Bangkok 2025,2025,intl,masters,keiko,TL,,,155,1.09,198.9,1.09,77%,137.7,0.75,0.34,0.10,0.08,30%,10%
masters_bangkok_2025,Masters Bangkok 2025,2025,intl,masters,trexx,VIT,,,225,1.09,207.3,1.02,72%,134.3,0.68,0.44,0.05,0.05,19%,9%
masters_bangkok_2025,Masters Bangkok 2025,2025,intl,masters,BeYN,KRX,,,149,1.08,182.4,1.03,78%,117.3,0.64,0.44,0.06,0.07,25%,21%
masters_bangkok_2025,Masters Bangkok 2025,2025,intl,masters,BuZz,T1,,,453,1.08,239.5,1.12,72%,150.4,0.82,0.24,0.17,0.14,17%,20%
masters_bangkok_2025,Masters Bangkok 2025,2025,intl,masters,valyn,G2,,,360,1.08,186.8,1.06,76%,122.1,0.68,0.44,0.08,0.08,23%,14%
masters_bangkok_2025,Masters Bangkok 2025,2025,intl,masters,leaf,G2,,,360,1.06,207.3,1.09,74%,137.5,0.74,0.25,0.11,0.10,24%,12%
masters_bangkok_2025,Masters Bangkok 2025,2025,intl,masters,N4RRATE,SEN,,,103,1.05,202.4,0.97,76%,148.4,0.73,0.39,0.13,0.04,27%,13%
masters_bangkok_2025,Masters Bangkok 2025,2025,intl,masters,Meteor,T1,,,453,1.04,229.0,1.09,71%,152.8,0.81,0.23,0.17,0.11,33%,16%
masters_bangkok_2025,Masters Bangkok 2025,2025,intl,masters,Less,VIT,,,225,1.03,197.1,1.03,68%,128.8,0.72,0.31,0.06,0.12,29%,20%
masters_bangkok_2025,Masters Bangkok 2025,2025,intl,masters,jawgemo,G2,,,360,1.03,218.5,1.06,71%,142.9,0.77,0.29,0.13,0.18,23%,38%
masters_bangkok_2025,Masters Bangkok 2025,2025,intl,masters,Sylvan,T1,,,408,1.02,186.1,0.97,77%,114.6,0.64,0.64,0.08,0.04,27%,17%
masters_bangkok_2025,Masters Bangkok 2025,2025,intl,masters,ZmjjKK,EDG,,,313,1.01,236.2,1.04,70%,151.0,0.83,0.19,0.21,0.22,23%,4%
masters_bangkok_2025,Masters Bangkok 2025,2025,intl,masters,stax,T1,,,453,1.01,173.6,1.01,74%,120.3,0.63,0.34,0.04,0.04,31%,17%
masters_bangkok_2025,Masters Bangkok 2025,2025,intl,masters,Smoggy,EDG,,,313,1.01,191.1,0.93,74%,124.6,0.65,0.49,0.10,0.06,30%,20%
masters_bangkok_2025,Masters Bangkok 2025,2025,intl,masters,Flashback,KRX,,,149,1.00,180.4,1.00,71%,126.4,0.68,0.17,0.09,0.07,26%,8%
masters_bangkok_2025,Masters Bangkok 2025,2025,intl,masters,kamo,TL,,,155,0.99,215.0,1.02,66%,144.5,0.75,0.15,0.18,0.17,27%,13%
masters_bangkok_2025,Masters Bangkok 2025,2025,intl,masters,JonahP,G2,,,360,0.98,187.6,0.93,78%,119.3,0.65,0.46,0.08,0.07,24%,9%
masters_bangkok_2025,Masters Bangkok 2025,2025,intl,masters,Kicks,VIT,,,225,0.94,174.3,0.93,73%,115.0,0.63,0.36,0.05,0.11,27%,22%
masters_bangkok_2025,Masters Bangkok 2025,2025,intl,masters,nobody,EDG,,,313,0.94,180.1,0.90,71%,123.9,0.62,0.23,0.09,0.09,30%,4%
masters_bangkok_2025,Masters Bangkok 2025,2025,intl,masters,bang,SEN,,,103,0.93,186.0,0.91,68%,113.8,0.65,0.32,0.11,0.11,31%,25%
masters_bangkok_2025,Masters Bangkok 2025,2025,intl,masters,Kai,TE,,,74,0.92,200.8,0.87,62%,128.6,0.73,0.12,0.14,0.12,31%,8%
masters_bangkok_2025,Masters Bangkok 2025,2025,intl,masters,zekken,SEN,,,103,0.92,196.6,0.99,69%,135.1,0.70,0.11,0.16,0.23,29%,14%
masters_bangkok_2025,Masters Bangkok 2025,2025,intl,masters,MaKo,KRX,,,149,0.92,173.3,0.83,74%,118.4,0.57,0.48,0.05,0.11,24%,13%
masters_bangkok_2025,Masters Bangkok 2025,2025,intl,masters,HYUNMIN,KRX,,,149,0.90,205.9,0.89,71%,134.0,0.72,0.22,0.17,0.15,32%,
masters_bangkok_2025,Masters Bangkok 2025,2025,intl,masters,kamyk,TL,,,155,0.86,180.3,0.85,74%,118.3,0.61,0.25,0.06,0.06,31%,10%
masters_bangkok_2025,Masters Bangkok 2025,2025,intl,masters,Biank,TE,,,74,0.85,166.8,0.72,59%,115.6,0.55,0.24,0.07,0.08,19%,22%
masters_bangkok_2025,Masters Bangkok 2025,2025,intl,masters,S1Mon,EDG,,,313,0.83,151.5,0.75,71%,100.7,0.54,0.42,0.03,0.06,30%,17%
masters_bangkok_2025,Masters Bangkok 2025,2025,intl,masters,johnqt,SEN,,,103,0.82,159.8,0.79,75%,105.3,0.59,0.25,0.04,0.06,19%,
masters_bangkok_2025,Masters Bangkok 2025,2025,intl,masters,Zellsis,SEN,,,103,0.77,159.8,0.63,70%,109.3,0.50,0.39,0.05,0.09,19%,
masters_bangkok_2025,Masters Bangkok 2025,2025,intl,masters,Sayf,VIT,,,225,0.75,155.9,0.74,69%,100.1,0.53,0.25,0.07,0.09,22%,9%
masters_bangkok_2025,Masters Bangkok 2025,2025,intl,masters,LuoK1ng,TE,,,74,0.74,155.8,0.67,66%,105.2,0.54,0.31,0.05,0.07,34%,
masters_bangkok_2025,Masters Bangkok 2025,2025,intl,masters,paTiTek,TL,,,155,0.73,144.0,0.65,70%,97.8,0.47,0.43,0.06,0.08,25%,7%
masters_bangkok_2025,Masters Bangkok 2025,2025,intl,masters,heybay,TE,,,74,0.69,134.3,0.54,59%,89.7,0.42,0.30,0.07,0.09,26%,
masters_bangkok_2025,Masters Bangkok 2025,2025,intl,masters,carpe,T1,,,45,0.63,140.5,0.57,67%,92.1,0.44,0.38,0.09,0.13,27%,25%
masters_bangkok_2025,Masters Bangkok 2025,2025,intl,masters,FengF,TE,,,74,0.55,151.0,0.56,57%,104.6,0.47,0.16,0.11,0.20,21%,13%
masters_toronto_2025,Masters Toronto 2025,2025,intl,masters,t3xture,GEN,,,255,1.23,258.2,1.44,74%,159.5,0.94,0.19,0.21,0.17,28%,37%
masters_toronto_2025,Masters Toronto 2025,2025,intl,masters,Spring,WOL,,,349,1.21,244.1,1.23,74%,160.1,0.85,0.32,0.13,0.09,29%,7%
masters_toronto_2025,Masters Toronto 2025,2025,intl,masters,Verno,MIBR,,,71,1.18,230.5,1.02,70%,157.6,0.79,0.30,0.04,0.04,28%,14%
masters_toronto_2025,Masters Toronto 2025,2025,intl,masters,Alfajer,FNC,,,419,1.17,257.9,1.30,73%,167.6,0.94,0.14,0.17,0.11,32%,12%
masters_toronto_2025,Masters Toronto 2025,2025,intl,masters,zekken,SEN,,,249,1.17,237.5,1.21,74%,147.2,0.81,0.26,0.19,0.21,24%,17%
masters_toronto_2025,Masters Toronto 2025,2025,intl,masters,trent,G2,,,198,1.17,214.2,1.22,81%,138.0,0.77,0.25,0.10,0.07,35%,13%
masters_toronto_2025,Masters Toronto 2025,2025,intl,masters,leaf,G2,,,198,1.15,230.3,1.21,75%,148.6,0.81,0.26,0.08,0.08,24%,29%
masters_toronto_2025,Masters Toronto 2025,2025,intl,masters,Chronicle,FNC,,,419,1.13,207.6,1.18,72%,141.1,0.72,0.30,0.08,0.06,26%,14%
masters_toronto_2025,Masters Toronto 2025,2025,intl,masters,whzy,BLG,,,179,1.13,253.1,1.21,68%,155.5,0.89,0.16,0.19,0.17,28%,13%
masters_toronto_2025,Masters Toronto 2025,2025,intl,masters,f0rsakeN,PRX,,,387,1.12,208.9,1.06,74%,137.5,0.72,0.40,0.10,0.08,26%,31%
masters_toronto_2025,Masters Toronto 2025,2025,intl,masters,Jinggg,PRX,,,387,1.10,229.1,1.15,73%,151.9,0.78,0.26,0.14,0.13,23%,8%
masters_toronto_2025,Masters Toronto 2025,2025,intl,masters,keiko,TL,,,187,1.10,199.3,1.17,72%,132.9,0.76,0.17,0.09,0.07,45%,13%
masters_toronto_2025,Masters Toronto 2025,2025,intl,masters,N4RRATE,SEN,,,249,1.08,219.5,1.06,75%,140.1,0.74,0.34,0.06,0.09,24%,25%
masters_toronto_2025,Masters Toronto 2025,2025,intl,masters,d4v41,PRX,,,387,1.07,189.4,1.12,73%,131.7,0.72,0.23,0.05,0.07,26%,10%
masters_toronto_2025,Masters Toronto 2025,2025,intl,masters,happywei,XLG,,,75,1.06,223.0,0.97,61%,147.0,0.76,0.17,0.16,0.15,45%,12%
masters_toronto_2025,Masters Toronto 2025,2025,intl,masters,kaajak,FNC,,,419,1.06,218.3,1.13,71%,141.5,0.78,0.16,0.19,0.16,35%,18%
masters_toronto_2025,Masters Toronto 2025,2025,intl,masters,rushia,BLG,,,179,1.03,201.9,0.99,72%,130.6,0.70,0.38,0.12,0.08,27%,10%
masters_toronto_2025,Masters Toronto 2025,2025,intl,masters,Karon,GEN,,,255,1.03,189.3,1.09,76%,125.6,0.69,0.32,0.09,0.09,31%,11%
masters_toronto_2025,Masters Toronto 2025,2025,intl,masters,crashies,FNC,,,419,1.03,181.8,1.07,74%,126.4,0.65,0.29,0.05,0.03,34%,10%
masters_toronto_2025,Masters Toronto 2025,2025,intl,masters,Ash,GEN,,,255,1.02,173.9,1.05,74%,118.3,0.62,0.22,0.05,0.03,31%,15%
masters_toronto_2025,Masters Toronto 2025,2025,intl,masters,PatMen,PRX,,,387,1.01,193.0,1.02,73%,124.2,0.68,0.32,0.06,0.08,31%,24%
masters_toronto_2025,Masters Toronto 2025,2025,intl,masters,penny,TL,,,121,1.00,188.4,0.98,73%,131.3,0.67,0.29,0.12,0.10,20%,22%
masters_toronto_2025,Masters Toronto 2025,2025,intl,masters,Munchkin,GEN,,,255,0.99,207.8,1.02,72%,134.1,0.68,0.35,0.10,0.10,22%,5%
masters_toronto_2025,Masters Toronto 2025,2025,intl,masters,bang,SEN,,,249,0.99,188.1,0.99,72%,112.5,0.69,0.33,0.08,0.08,34%,14%
masters_toronto_2025,Masters Toronto 2025,2025,intl,masters,johnqt,SEN,,,249,0.99,166.3,0.94,77%,109.7,0.59,0.38,0.05,0.07,26%,8%
masters_toronto_2025,Masters Toronto 2025,2025,intl,masters,Zellsis,SEN,,,249,0.99,173.6,0.95,70%,118.2,0.61,0.28,0.07,0.09,21%,12%
masters_toronto_2025,Masters Toronto 2025,2025,intl,masters,jawgemo,G2,,,198,0.98,217.1,1.00,72%,143.7,0.73,0.25,0.16,0.19,23%,
masters_toronto_2025,Masters Toronto 2025,2025,intl,masters,Monyet,RRQ,,,100,0.97,196.4,0.89,67%,130.3,0.66,0.31,0.05,0.13,26%,
masters_toronto_2025,Masters Toronto 2025,2025,intl,masters,something,PRX,,,387,0.96,192.2,1.00,73%,123.9,0.68,0.20,0.14,0.15,25%,8%
masters_toronto_2025,Masters Toronto 2025,2025,intl,masters,kamo,TL,,,187,0.96,210.8,0.99,70%,141.9,0.75,0.20,0.16,0.17,35%,20%
masters_toronto_2025,Masters Toronto 2025,2025,intl,masters,Juicy,WOL,,,349,0.95,212.0,1.00,67%,139.5,0.74,0.19,0.19,0.17,25%,31%
masters_toronto_2025,Masters Toronto 2025,2025,intl,masters,Wo0t,TH,,,81,0.94,183.0,0.86,68%,118.9,0.63,0.36,0.10,0.15,34%,10%
masters_toronto_2025,Masters Toronto 2025,2025,intl,masters,nephh,BLG,,,179,0.93,178.6,0.87,72%,117.9,0.59,0.46,0.07,0.08,22%,17%
masters_toronto_2025,Masters Toronto 2025,2025,intl,masters,valyn,G2,,,198,0.93,172.1,0.86,75%,109.6,0.61,0.37,0.07,0.08,22%,6%
masters_toronto_2025,Masters Toronto 2025,2025,intl,masters,JonahP,G2,,,198,0.93,178.8,0.90,76%,113.2,0.61,0.39,0.04,0.14,24%,8%
masters_toronto_2025,Masters Toronto 2025,2025,intl,masters,Lysoar,WOL,,,349,0.91,174.5,0.88,72%,112.1,0.60,0.33,0.08,0.06,25%,13%
masters_toronto_2025,Masters Toronto 2025,2025,intl,masters,SiuFatBB,WOL,,,349,0.91,151.1,0.88,70%,99.9,0.54,0.25,0.03,0.05,28%,23%
masters_toronto_2025,Masters Toronto 2025,2025,intl,masters,paTiTek,TL,,,187,0.91,183.1,0.88,72%,117.7,0.61,0.21,0.09,0.07,27%,8%
masters_toronto_2025,Masters Toronto 2025,2025,intl,masters,Levius,BLG,,,179,0.90,158.1,0.94,70%,111.4,0.59,0.16,0.03,0.11,23%,
masters_toronto_2025,Masters Toronto 2025,2025,intl,masters,xffero,RRQ,,,100,0.90,175.2,0.89,65%,118.8,0.64,0.17,0.07,0.07,32%,8%
masters_toronto_2025,Masters Toronto 2025,2025,intl,masters,Yuicaw,WOL,,,349,0.89,175.0,0.89,63%,117.3,0.62,0.19,0.09,0.10,27%,9%
masters_toronto_2025,Masters Toronto 2025,2025,intl,masters,Foxy9,GEN,,,255,0.88,179.2,0.98,71%,111.6,0.65,0.18,0.08,0.08,32%,28%
masters_toronto_2025,Masters Toronto 2025,2025,intl,masters,Kushy,RRQ,,,100,0.88,174.0,0.86,70%,114.0,0.62,0.22,0.01,0.05,39%,17%
masters_toronto_2025,Masters Toronto 2025,2025,intl,masters,nAts,TL,,,111,0.88,186.0,0.88,74%,121.2,0.64,0.20,0.08,0.05,28%,12%
masters_toronto_2025,Masters Toronto 2025,2025,intl,masters,Rarga,XLG,,,75,0.86,217.0,0.88,64%,136.1,0.76,0.16,0.20,0.25,41%,33%
masters_toronto_2025,Masters Toronto 2025,2025,intl,masters,RieNs,TH,,,81,0.85,191.5,0.84,63%,125.0,0.63,0.25,0.09,0.12,28%,
masters_toronto_2025,Masters Toronto 2025,2025,intl,masters,benjyfishy,TH,,,81,0.85,178.8,0.85,62%,119.9,0.63,0.11,0.12,0.06,30%,17%
masters_toronto_2025,Masters Toronto 2025,2025,intl,masters,Jemkin,RRQ,,,100,0.85,196.8,0.88,66%,138.2,0.69,0.14,0.21,0.16,33%,
masters_toronto_2025,Masters Toronto 2025,2025,intl,masters,Boaster,FNC,,,419,0.84,143.4,0.76,72%,94.4,0.47,0.36,0.08,0.08,25%,9%
masters_toronto_2025,Masters Toronto 2025,2025,intl,masters,Knight,BLG,,,179,0.83,149.1,0.81,69%,105.0,0.51,0.23,0.06,0.09,26%,7%
masters_toronto_2025,Masters Toronto 2025,2025,intl,masters,Serial,TL,,,142,0.83,155.2,0.84,66%,103.1,0.57,0.16,0.09,0.07,45%,32%
masters_toronto_2025,Masters Toronto 2025,2025,intl,masters,Boo,TH,,,81,0.76,139.5,0.70,62%,86.7,0.48,0.43,0.02,0.10,38%,6%
masters_toronto_2025,Masters Toronto 2025,2025,intl,masters,crazyguy,RRQ,,,100,0.75,144.2,0.65,64%,90.7,0.47,0.34,0.11,0.14,25%,9%
masters_toronto_2025,Masters Toronto 2025,2025,intl,masters,MiniBoo,TH,,,81,0.74,167.5,0.81,60%,105.6,0.64,0.09,0.12,0.11,31%,
masters_toronto_2025,Masters Toronto 2025,2025,intl,masters,xenom,MIBR,,,71,0.71,148.3,0.65,63%,101.7,0.55,0.15,0.06,0.14,35%,
masters_toronto_2025,Masters Toronto 2025,2025,intl,masters,cortezia,MIBR,,,71,0.69,164.0,0.66,59%,115.2,0.55,0.17,0.10,0.14,33%,
masters_toronto_2025,Masters Toronto 2025,2025,intl,masters,Viva,XLG,,,75,0.67,147.0,0.51,59%,107.6,0.44,0.28,0.05,0.03,27%,
masters_toronto_2025,Masters Toronto 2025,2025,intl,masters,coconut,XLG,,,75,0.65,128.3,0.57,65%,82.6,0.45,0.29,0.01,0.08,26%,23%
masters_toronto_2025,Masters Toronto 2025,2025,intl,masters,Midi,XLG,,,75,0.59,132.0,0.58,61%,88.8,0.48,0.19,0.04,0.03,34%,
masters_toronto_2025,Masters Toronto 2025,2025,intl,masters,aspas,MIBR,,,71,0.53,129.8,0.53,59%,88.8,0.44,0.17,0.07,0.21,18%,20%
masters_toronto_2025,Masters Toronto 2025,2025,intl,masters,artzin,MIBR,,,71,0.51,121.5,0.52,66%,86.3,0.44,0.25,0.04,0.15,26%,
masters_toronto_2025,Masters Toronto 2025,2025,intl,masters,tarik,tarik,,,20,,,0.94,,,0.85,0.30,,,,
masters_toronto_2025,Masters Toronto 2025,2025,intl,masters,Kyedae,tarik,,,20,,,1.00,,,0.75,0.40,,,,
masters_toronto_2025,Masters Toronto 2025,2025,intl,masters,joshseki,tarik,,,20,,,0.63,,,0.50,0.35,,,,
masters_toronto_2025,Masters Toronto 2025,2025,intl,masters,Vinnie,tarik,,,20,,,0.87,,,0.65,0.20,,,,
masters_toronto_2025,Masters Toronto 2025,2025,intl,masters,Yvonnie,tarik,,,20,,,0.40,,,0.30,0.35,,,,
masters_toronto_2025,Masters Toronto 2025,2025,intl,masters,Disguised Toast,Team,,,20,,,1.00,,,0.60,0.25,,,,
masters_toronto_2025,Masters Toronto 2025,2025,intl,masters,Jacob,Team,,,20,,,0.46,,,0.30,0.25,,,,
masters_toronto_2025,Masters Toronto 2025,2025,intl,masters,meL,Team,,,20,,,2.56,,,1.15,0.55,,,,
masters_toronto_2025,Masters Toronto 2025,2025,intl,masters,Sidsity,Team,,,20,,,1.25,,,0.75,0.20,,,,
masters_toronto_2025,Masters Toronto 2025,2025,intl,masters,TenZ,Team,,,20,,,1.71,,,1.20,0.20,,,,
champions_2025,Valorant Champions 2025 Paris,2025,intl,champions,aspas,MIBR,,,330,1.33,261.6,1.66,79%,164.7,0.97,0.13,0.20,0.07,26%,8%
champions_2025,Valorant Champions 2025 Paris,2025,intl,champions,RieNs,TH,,,256,1.17,226.1,1.14,73%,148.9,0.79,0.33,0.07,0.05,34%,20%
champions_2025,Valorant Champions 2025 Paris,2025,intl,champions,brawk,NRG,,,377,1.16,224.6,1.17,76%,144.7,0.73,0.34,0.07,0.06,17%,9%
champions_2025,Valorant Champions 2025 Paris,2025,intl,champions,kaajak,FNC,,,453,1.15,228.4,1.20,71%,148.2,0.82,0.20,0.21,0.13,32%,13%
champions_2025,Valorant Champions 2025 Paris,2025,intl,champions,johnqt,SEN,,,126,1.14,187.0,1.13,79%,118.7,0.67,0.27,0.04,0.04,33%,9%
champions_2025,Valorant Champions 2025 Paris,2025,intl,champions,Smoggy,EDG,,,119,1.13,206.0,1.09,77%,135.3,0.74,0.40,0.09,0.04,25%,17%
champions_2025,Valorant Champions 2025 Paris,2025,intl,champions,leaf,G2,,,268,1.11,222.8,1.13,71%,151.5,0.79,0.26,0.11,0.09,21%,15%
champions_2025,Valorant Champions 2025 Paris,2025,intl,champions,something,PRX,,,356,1.10,220.4,1.17,72%,141.0,0.79,0.26,0.16,0.13,25%,13%
champions_2025,Valorant Champions 2025 Paris,2025,intl,champions,Knight,BLG,,,95,1.10,196.8,0.97,67%,135.4,0.68,0.28,0.08,0.09,26%,12%
champions_2025,Valorant Champions 2025 Paris,2025,intl,champions,skuba,NRG,,,377,1.09,190.1,1.17,76%,124.9,0.71,0.25,0.06,0.06,30%,21%
champions_2025,Valorant Champions 2025 Paris,2025,intl,champions,SpiritZ1,DRG,,,98,1.08,237.0,1.03,79%,155.7,0.82,0.33,0.21,0.11,30%,
champions_2025,Valorant Champions 2025 Paris,2025,intl,champions,NoMan,XLG,,,157,1.08,221.4,1.18,73%,140.7,0.78,0.19,0.10,0.10,32%,5%
champions_2025,Valorant Champions 2025 Paris,2025,intl,champions,cortezia,MIBR,,,330,1.08,196.4,1.27,75%,130.2,0.72,0.21,0.11,0.07,33%,8%
champions_2025,Valorant Champions 2025 Paris,2025,intl,champions,Cloud,GX,,,261,1.07,202.5,1.02,70%,135.2,0.69,0.33,0.07,0.06,29%,7%
champions_2025,Valorant Champions 2025 Paris,2025,intl,champions,Chronicle,FNC,,,453,1.07,204.2,1.07,70%,138.7,0.72,0.28,0.09,0.08,29%,7%
champions_2025,Valorant Champions 2025 Paris,2025,intl,champions,Alfajer,FNC,,,391,1.06,211.7,1.14,69%,141.3,0.76,0.18,0.14,0.10,34%,5%
champions_2025,Valorant Champions 2025 Paris,2025,intl,champions,jawgemo,G2,,,268,1.05,230.4,1.09,68%,141.7,0.80,0.20,0.20,0.14,28%,19%
champions_2025,Valorant Champions 2025 Paris,2025,intl,champions,Jinggg,PRX,,,356,1.05,224.3,1.10,74%,146.0,0.78,0.24,0.12,0.13,22%,12%
champions_2025,Valorant Champions 2025 Paris,2025,intl,champions,Verno,MIBR,,,330,1.05,199.3,1.15,76%,129.3,0.67,0.33,0.10,0.06,25%,17%
champions_2025,Valorant Champions 2025 Paris,2025,intl,champions,ZmjjKK,EDG,,,119,1.04,237.4,1.08,62%,143.5,0.82,0.18,0.21,0.19,24%,
champions_2025,Valorant Champions 2025 Paris,2025,intl,champions,iZu,T1,,,148,1.04,212.2,1.09,70%,124.8,0.76,0.15,0.14,0.10,26%,21%
champions_2025,Valorant Champions 2025 Paris,2025,intl,champions,Meteor,T1,,,148,1.04,219.0,0.96,68%,144.2,0.74,0.18,0.17,0.07,36%,11%
champions_2025,Valorant Champions 2025 Paris,2025,intl,champions,Flashback,KRX,,,477,1.04,223.2,1.12,66%,144.3,0.80,0.16,0.17,0.16,24%,10%
champions_2025,Valorant Champions 2025 Paris,2025,intl,champions,valyn,G2,,,268,1.03,192.3,0.97,75%,124.1,0.65,0.37,0.09,0.07,26%,14%
champions_2025,Valorant Champions 2025 Paris,2025,intl,champions,f0rsakeN,PRX,,,356,1.03,213.1,1.04,73%,135.5,0.75,0.42,0.09,0.12,31%,17%
champions_2025,Valorant Champions 2025 Paris,2025,intl,champions,Wo0t,TH,,,256,1.03,209.9,1.05,71%,138.2,0.75,0.16,0.13,0.12,30%,26%
champions_2025,Valorant Champions 2025 Paris,2025,intl,champions,happywei,XLG,,,157,1.03,216.4,1.06,70%,145.8,0.75,0.32,0.10,0.15,39%,10%
champions_2025,Valorant Champions 2025 Paris,2025,intl,champions,HYUNMIN,KRX,,,477,1.02,212.7,1.11,68%,141.3,0.76,0.19,0.11,0.09,40%,6%
champions_2025,Valorant Champions 2025 Paris,2025,intl,champions,nAts,TL,,,148,1.02,194.4,1.06,69%,126.7,0.69,0.18,0.11,0.11,26%,19%
champions_2025,Valorant Champions 2025 Paris,2025,intl,champions,MaKo,KRX,,,477,1.01,171.7,1.02,72%,108.9,0.61,0.37,0.08,0.09,25%,13%
champions_2025,Valorant Champions 2025 Paris,2025,intl,champions,d4v41,PRX,,,356,1.01,186.9,1.03,71%,127.3,0.67,0.26,0.05,0.09,27%,17%
champions_2025,Valorant Champions 2025 Paris,2025,intl,champions,Viva,XLG,,,157,1.01,166.6,0.96,73%,119.6,0.60,0.29,0.06,0.07,34%,13%
champions_2025,Valorant Champions 2025 Paris,2025,intl,champions,westside,GX,,,261,1.00,187.1,1.00,66%,121.3,0.69,0.19,0.09,0.10,41%,11%
champions_2025,Valorant Champions 2025 Paris,2025,intl,champions,mada,NRG,,,377,1.00,214.2,1.06,66%,137.2,0.75,0.19,0.17,0.20,26%,15%
champions_2025,Valorant Champions 2025 Paris,2025,intl,champions,crashies,FNC,,,453,1.00,179.5,0.97,71%,120.3,0.62,0.28,0.06,0.08,31%,14%
champions_2025,Valorant Champions 2025 Paris,2025,intl,champions,keiko,TL,,,148,1.00,200.3,0.94,70%,131.0,0.68,0.26,0.13,0.08,35%,14%
champions_2025,Valorant Champions 2025 Paris,2025,intl,champions,Demon1,DRG,,,98,1.00,174.8,1.02,73%,117.0,0.65,0.16,0.04,0.04,38%,10%
champions_2025,Valorant Champions 2025 Paris,2025,intl,champions,nobody,EDG,,,119,0.99,171.0,0.97,69%,115.2,0.62,0.16,0.04,0.07,30%,27%
champions_2025,Valorant Champions 2025 Paris,2025,intl,champions,s0m,NRG,,,377,0.99,197.2,0.97,75%,124.2,0.68,0.37,0.08,0.10,24%,14%
champions_2025,Valorant Champions 2025 Paris,2025,intl,champions,artzin,MIBR,,,330,0.99,202.1,1.05,73%,127.0,0.66,0.38,0.12,0.15,24%,20%
champions_2025,Valorant Champions 2025 Paris,2025,intl,champions,DH,T1,,,148,0.98,186.0,0.90,68%,122.4,0.64,0.39,0.07,0.11,34%,21%
champions_2025,Valorant Champions 2025 Paris,2025,intl,champions,trent,G2,,,268,0.98,173.5,0.98,72%,117.6,0.62,0.24,0.03,0.08,31%,15%
champions_2025,Valorant Champions 2025 Paris,2025,intl,champions,zekken,SEN,,,126,0.98,229.3,0.94,68%,157.7,0.75,0.31,0.16,0.21,26%,22%
champions_2025,Valorant Champions 2025 Paris,2025,intl,champions,Ethan,NRG,,,377,0.98,175.8,0.93,72%,115.1,0.60,0.42,0.07,0.11,24%,17%
champions_2025,Valorant Champions 2025 Paris,2025,intl,champions,ara,GX,,,261,0.97,198.7,1.01,66%,133.8,0.72,0.13,0.18,0.15,29%,14%
champions_2025,Valorant Champions 2025 Paris,2025,intl,champions,Jemkin,RRQ,,,137,0.97,215.7,1.06,63%,132.8,0.74,0.13,0.17,0.13,35%,8%
champions_2025,Valorant Champions 2025 Paris,2025,intl,champions,BeYN,KRX,,,477,0.97,170.9,0.98,71%,114.5,0.60,0.26,0.06,0.06,28%,23%
champions_2025,Valorant Champions 2025 Paris,2025,intl,champions,xenom,MIBR,,,330,0.97,155.1,0.95,78%,96.1,0.55,0.53,0.05,0.06,24%,8%
champions_2025,Valorant Champions 2025 Paris,2025,intl,champions,Rarga,XLG,,,157,0.96,208.6,0.98,73%,129.8,0.73,0.21,0.17,0.10,34%,8%
champions_2025,Valorant Champions 2025 Paris,2025,intl,champions,N4RRATE,SEN,,,126,0.95,190.2,0.87,70%,121.2,0.63,0.39,0.06,0.10,26%,17%
champions_2025,Valorant Champions 2025 Paris,2025,intl,champions,doma,FNC,,,62,0.94,167.3,0.90,73%,119.8,0.58,0.21,0.08,0.06,29%,14%
champions_2025,Valorant Champions 2025 Paris,2025,intl,champions,nephh,BLG,,,95,0.94,164.0,0.88,67%,104.8,0.56,0.29,0.05,0.08,20%,10%
champions_2025,Valorant Champions 2025 Paris,2025,intl,champions,Levius,BLG,,,95,0.93,188.0,0.99,59%,122.1,0.71,0.17,0.13,0.09,30%,6%
champions_2025,Valorant Champions 2025 Paris,2025,intl,champions,MiniBoo,TH,,,256,0.93,204.4,0.95,65%,134.9,0.71,0.16,0.19,0.17,26%,27%
champions_2025,Valorant Champions 2025 Paris,2025,intl,champions,kamo,TL,,,148,0.93,190.3,0.94,63%,128.4,0.68,0.12,0.14,0.24,32%,15%
champions_2025,Valorant Champions 2025 Paris,2025,intl,champions,Flickless,GX,,,261,0.92,173.7,0.83,74%,115.8,0.56,0.47,0.06,0.07,26%,9%
champions_2025,Valorant Champions 2025 Paris,2025,intl,champions,Monyet,RRQ,,,137,0.92,174.9,0.88,69%,109.6,0.61,0.40,0.05,0.09,28%,11%
champions_2025,Valorant Champions 2025 Paris,2025,intl,champions,Kushy,RRQ,,,137,0.91,178.9,0.85,66%,120.7,0.63,0.29,0.07,0.12,40%,14%
champions_2025,Valorant Champions 2025 Paris,2025,intl,champions,Nicc,DRG,,,98,0.91,173.5,0.94,77%,121.7,0.65,0.28,0.02,0.06,34%,
champions_2025,Valorant Champions 2025 Paris,2025,intl,champions,JonahP,G2,,,268,0.91,172.8,0.84,71%,108.3,0.58,0.37,0.08,0.10,19%,21%
champions_2025,Valorant Champions 2025 Paris,2025,intl,champions,benjyfishy,TH,,,256,0.89,175.1,0.83,71%,115.0,0.59,0.28,0.06,0.07,27%,17%
champions_2025,Valorant Champions 2025 Paris,2025,intl,champions,Boaster,FNC,,,453,0.89,145.2,0.77,70%,94.0,0.49,0.38,0.04,0.08,22%,16%
champions_2025,Valorant Champions 2025 Paris,2025,intl,champions,CHICHOO,EDG,,,119,0.89,158.2,0.90,69%,113.5,0.59,0.25,0.07,0.08,21%,15%
champions_2025,Valorant Champions 2025 Paris,2025,intl,champions,Boo,TH,,,256,0.88,143.7,0.74,71%,93.1,0.50,0.53,0.05,0.09,31%,17%
champions_2025,Valorant Champions 2025 Paris,2025,intl,champions,trexx,TL,,,148,0.87,160.1,0.73,63%,109.7,0.51,0.26,0.04,0.07,20%,4%
champions_2025,Valorant Champions 2025 Paris,2025,intl,champions,free1ng,KRX,,,477,0.86,160.4,0.88,68%,107.1,0.57,0.20,0.09,0.09,35%,16%
champions_2025,Valorant Champions 2025 Paris,2025,intl,champions,xffero,RRQ,,,137,0.85,172.0,0.88,66%,113.5,0.61,0.20,0.12,0.12,27%,8%
champions_2025,Valorant Champions 2025 Paris,2025,intl,champions,BuZz,T1,,,148,0.85,190.3,0.92,69%,127.4,0.70,0.25,0.06,0.18,25%,38%
champions_2025,Valorant Champions 2025 Paris,2025,intl,champions,Flex1n,DRG,,,98,0.84,184.8,0.85,76%,119.0,0.62,0.40,0.10,0.12,29%,
champions_2025,Valorant Champions 2025 Paris,2025,intl,champions,Akeman,DRG,,,98,0.84,196.8,0.88,62%,124.4,0.69,0.16,0.15,0.13,25%,30%
champions_2025,Valorant Champions 2025 Paris,2025,intl,champions,PatMen,PRX,,,356,0.84,157.8,0.83,68%,106.5,0.55,0.21,0.04,0.06,31%,5%
champions_2025,Valorant Champions 2025 Paris,2025,intl,champions,grubinho,GX,,,261,0.83,169.1,0.80,70%,108.0,0.60,0.39,0.11,0.10,29%,22%
champions_2025,Valorant Champions 2025 Paris,2025,intl,champions,crazyguy,RRQ,,,137,0.82,152.0,0.71,68%,109.8,0.49,0.33,0.04,0.09,24%,13%
champions_2025,Valorant Champions 2025 Paris,2025,intl,champions,Jieni7,EDG,,,119,0.82,191.8,0.83,67%,117.9,0.65,0.23,0.12,0.08,26%,
champions_2025,Valorant Champions 2025 Paris,2025,intl,champions,paTiTek,TL,,,148,0.81,156.9,0.74,66%,101.1,0.53,0.36,0.03,0.05,27%,9%
champions_2025,Valorant Champions 2025 Paris,2025,intl,champions,Zellsis,SEN,,,126,0.80,152.3,0.77,67%,99.7,0.54,0.27,0.13,0.11,20%,
champions_2025,Valorant Champions 2025 Paris,2025,intl,champions,bang,SEN,,,126,0.79,140.8,0.79,67%,92.4,0.53,0.29,0.06,0.09,35%,11%
champions_2025,Valorant Champions 2025 Paris,2025,intl,champions,coconut,XLG,,,157,0.77,149.6,0.71,71%,92.6,0.50,0.44,0.08,0.07,30%,
champions_2025,Valorant Champions 2025 Paris,2025,intl,champions,stax,T1,,,148,0.75,146.5,0.69,66%,98.8,0.49,0.31,0.03,0.07,38%,10%
champions_2025,Valorant Champions 2025 Paris,2025,intl,champions,rushia,BLG,,,95,0.72,147.6,0.59,64%,102.3,0.45,0.33,0.06,0.11,19%,
champions_2025,Valorant Champions 2025 Paris,2025,intl,champions,whzy,BLG,,,95,0.63,154.4,0.61,64%,101.9,0.52,0.22,0.11,0.19,31%,
