event_key,event_name,season,region,event_type,date,team1,team2,score1,score2,winner,stage,match_id,url
kickoff_emea_2026,VCT 2026: EMEA Kickoff,2026,emea,kickoff,6:00 PM,Natus Vincere,Karmine Corp,2,0,Natus Vincere,Upper Round 1,594740,https://www.vlr.gg/594740/natus-vincere-vs-karmine-corp-vct-2026-emea-kickoff-ur1
kickoff_emea_2026,VCT 2026: EMEA Kickoff,2026,emea,kickoff,8:35 PM,FUT Esports,Gentle Mates,0,2,Gentle Mates,Upper Round 1,594741,https://www.vlr.gg/594741/fut-esports-vs-gentle-mates-vct-2026-emea-kickoff-ur1
kickoff_emea_2026,VCT 2026: EMEA Kickoff,2026,emea,kickoff,6:00 PM,PCIFIC Esports,BBL Esports,1,2,BBL Esports,Upper Round 1,594742,https://www.vlr.gg/594742/pcific-esports-vs-bbl-esports-vct-2026-emea-kickoff-ur1
kickoff_emea_2026,VCT 2026: EMEA Kickoff,2026,emea,kickoff,9:20 PM,ULF Esports,Team Vitality,0,2,Team Vitality,Upper Round 1,594743,https://www.vlr.gg/594743/ulf-esports-vs-team-vitality-vct-2026-emea-kickoff-ur1
kickoff_emea_2026,VCT 2026: EMEA Kickoff,2026,emea,kickoff,6:00 PM,Team Heretics,Natus Vincere,1,2,Natus Vincere,Upper Round 2,594744,https://www.vlr.gg/594744/team-heretics-vs-natus-vincere-vct-2026-emea-kickoff-ur2
kickoff_emea_2026,VCT 2026: EMEA Kickoff,2026,emea,kickoff,9:30 PM,GIANTX,Gentle Mates,0,2,Gentle Mates,Upper Round 2,594745,https://www.vlr.gg/594745/giantx-vs-gentle-mates-vct-2026-emea-kickoff-ur2
kickoff_emea_2026,VCT 2026: EMEA Kickoff,2026,emea,kickoff,6:00 PM,FNATIC,BBL Esports,0,2,BBL Esports,Upper Round 2,594746,https://www.vlr.gg/594746/fnatic-vs-bbl-esports-vct-2026-emea-kickoff-ur2
kickoff_emea_2026,VCT 2026: EMEA Kickoff,2026,emea,kickoff,8:25 PM,Team Liquid,Team Vitality,1,2,Team Vitality,Upper Round 2,594747,https://www.vlr.gg/594747/team-liquid-vs-team-vitality-vct-2026-emea-kickoff-ur2
kickoff_emea_2026,VCT 2026: EMEA Kickoff,2026,emea,kickoff,6:00 PM,Karmine Corp,Team Liquid,1,2,Team Liquid,Middle Round 1,594751,https://www.vlr.gg/594751/karmine-corp-vs-team-liquid-vct-2026-emea-kickoff-mr1
kickoff_emea_2026,VCT 2026: EMEA Kickoff,2026,emea,kickoff,9:20 PM,FUT Esports,FNATIC,1,2,FNATIC,Middle Round 1,594752,https://www.vlr.gg/594752/fut-esports-vs-fnatic-vct-2026-emea-kickoff-mr1
kickoff_emea_2026,VCT 2026: EMEA Kickoff,2026,emea,kickoff,6:00 PM,PCIFIC Esports,GIANTX,1,2,GIANTX,Middle Round 1,594753,https://www.vlr.gg/594753/pcific-esports-vs-giantx-vct-2026-emea-kickoff-mr1
kickoff_emea_2026,VCT 2026: EMEA Kickoff,2026,emea,kickoff,9:35 PM,ULF Esports,Team Heretics,0,2,Team Heretics,Middle Round 1,594754,https://www.vlr.gg/594754/ulf-esports-vs-team-heretics-vct-2026-emea-kickoff-mr1
kickoff_emea_2026,VCT 2026: EMEA Kickoff,2026,emea,kickoff,6:00 PM,Natus Vincere,Gentle Mates,0,2,Gentle Mates,Upper Round 3,594748,https://www.vlr.gg/594748/natus-vincere-vs-gentle-mates-vct-2026-emea-kickoff-ur3
kickoff_emea_2026,VCT 2026: EMEA Kickoff,2026,emea,kickoff,8:20 PM,BBL Esports,Team Vitality,2,0,BBL Esports,Upper Round 3,594749,https://www.vlr.gg/594749/bbl-esports-vs-team-vitality-vct-2026-emea-kickoff-ur3
kickoff_emea_2026,VCT 2026: EMEA Kickoff,2026,emea,kickoff,6:00 PM,Team Liquid,FNATIC,0,2,FNATIC,Middle Round 2,594755,https://www.vlr.gg/594755/team-liquid-vs-fnatic-vct-2026-emea-kickoff-mr2
kickoff_emea_2026,VCT 2026: EMEA Kickoff,2026,emea,kickoff,8:20 PM,GIANTX,Team Heretics,2,0,GIANTX,Middle Round 2,594756,https://www.vlr.gg/594756/giantx-vs-team-heretics-vct-2026-emea-kickoff-mr2
kickoff_emea_2026,VCT 2026: EMEA Kickoff,2026,emea,kickoff,6:00 PM,Karmine Corp,FUT Esports,2,1,Karmine Corp,Lower Round 1,594761,https://www.vlr.gg/594761/karmine-corp-vs-fut-esports-vct-2026-emea-kickoff-lr1
kickoff_emea_2026,VCT 2026: EMEA Kickoff,2026,emea,kickoff,9:35 PM,PCIFIC Esports,ULF Esports,0,2,ULF Esports,Lower Round 1,594762,https://www.vlr.gg/594762/pcific-esports-vs-ulf-esports-vct-2026-emea-kickoff-lr1
kickoff_emea_2026,VCT 2026: EMEA Kickoff,2026,emea,kickoff,6:00 PM,Natus Vincere,FNATIC,1,2,FNATIC,Middle Round 3,594757,https://www.vlr.gg/594757/natus-vincere-vs-fnatic-vct-2026-emea-kickoff-mr3
kickoff_emea_2026,VCT 2026: EMEA Kickoff,2026,emea,kickoff,10:00 PM,Team Vitality,GIANTX,2,0,Team Vitality,Middle Round 3,594758,https://www.vlr.gg/594758/team-vitality-vs-giantx-vct-2026-emea-kickoff-mr3
kickoff_emea_2026,VCT 2026: EMEA Kickoff,2026,emea,kickoff,6:00 PM,Team Heretics,Karmine Corp,2,1,Team Heretics,Lower Round 2,594763,https://www.vlr.gg/594763/team-heretics-vs-karmine-corp-vct-2026-emea-kickoff-lr2
kickoff_emea_2026,VCT 2026: EMEA Kickoff,2026,emea,kickoff,9:00 PM,Team Liquid,ULF Esports,2,1,Team Liquid,Lower Round 2,594764,https://www.vlr.gg/594764/team-liquid-vs-ulf-esports-vct-2026-emea-kickoff-lr2
kickoff_emea_2026,VCT 2026: EMEA Kickoff,2026,emea,kickoff,6:00 PM,Natus Vincere,Team Heretics,0,2,Team Heretics,Lower Round 3,594765,https://www.vlr.gg/594765/natus-vincere-vs-team-heretics-vct-2026-emea-kickoff-lr3
kickoff_emea_2026,VCT 2026: EMEA Kickoff,2026,emea,kickoff,8:00 PM,GIANTX,Team Liquid,1,2,Team Liquid,Lower Round 3,594766,https://www.vlr.gg/594766/giantx-vs-team-liquid-vct-2026-emea-kickoff-lr3
kickoff_emea_2026,VCT 2026: EMEA Kickoff,2026,emea,kickoff,7:00 PM,Team Heretics,Team Liquid,0,2,Team Liquid,Lower Round 4,594767,https://www.vlr.gg/594767/team-heretics-vs-team-liquid-vct-2026-emea-kickoff-lr4
kickoff_emea_2026,VCT 2026: EMEA Kickoff,2026,emea,kickoff,3:00 PM,FNATIC,Team Vitality,2,0,FNATIC,Middle Round 4,594759,https://www.vlr.gg/594759/fnatic-vs-team-vitality-vct-2026-emea-kickoff-mr4
kickoff_emea_2026,VCT 2026: EMEA Kickoff,2026,emea,kickoff,5:15 PM,Gentle Mates,BBL Esports,2,3,BBL Esports,Upper Final,594750,https://www.vlr.gg/594750/gentle-mates-vs-bbl-esports-vct-2026-emea-kickoff-ubf
kickoff_emea_2026,VCT 2026: EMEA Kickoff,2026,emea,kickoff,3:00 PM,Team Vitality,Team Liquid,1,2,Team Liquid,Lower Round 5,594768,https://www.vlr.gg/594768/team-vitality-vs-team-liquid-vct-2026-emea-kickoff-lr5
kickoff_emea_2026,VCT 2026: EMEA Kickoff,2026,emea,kickoff,6:10 PM,Gentle Mates,FNATIC,3,2,Gentle Mates,Middle Final,594760,https://www.vlr.gg/594760/gentle-mates-vs-fnatic-vct-2026-emea-kickoff-mbf
kickoff_emea_2026,VCT 2026: EMEA Kickoff,2026,emea,kickoff,7:00 PM,FNATIC,Team Liquid,0,3,Team Liquid,Lower Final,594769,https://www.vlr.gg/594769/fnatic-vs-team-liquid-vct-2026-emea-kickoff-lbf
kickoff_americas_2026,VCT 2026: Americas Kickoff,2026,americas,kickoff,12:00 AM,ENVY,Evil Geniuses,2,1,ENVY,Upper Round 1,596399,https://www.vlr.gg/596399/envy-vs-evil-geniuses-vct-2026-americas-kickoff-ur1
kickoff_americas_2026,VCT 2026: Americas Kickoff,2026,americas,kickoff,3:10 AM,LOUD,Cloud9,0,2,Cloud9,Upper Round 1,596398,https://www.vlr.gg/596398/loud-vs-cloud9-vct-2026-americas-kickoff-ur1
kickoff_americas_2026,VCT 2026: Americas Kickoff,2026,americas,kickoff,12:00 AM,KRÜ Esports,FURIA,1,2,FURIA,Upper Round 1,596400,https://www.vlr.gg/596400/kr-esports-vs-furia-vct-2026-americas-kickoff-ur1
kickoff_americas_2026,VCT 2026: Americas Kickoff,2026,americas,kickoff,3:05 AM,100 Thieves,LEVIATÁN,2,1,100 Thieves,Upper Round 1,596401,https://www.vlr.gg/596401/100-thieves-vs-leviat-n-vct-2026-americas-kickoff-ur1
kickoff_americas_2026,VCT 2026: Americas Kickoff,2026,americas,kickoff,12:00 AM,NRG,Cloud9,2,0,NRG,Upper Round 2,596402,https://www.vlr.gg/596402/nrg-vs-cloud9-vct-2026-americas-kickoff-ur2
kickoff_americas_2026,VCT 2026: Americas Kickoff,2026,americas,kickoff,2:00 AM,MIBR,ENVY,2,0,MIBR,Upper Round 2,596403,https://www.vlr.gg/596403/mibr-vs-envy-vct-2026-americas-kickoff-ur2
kickoff_americas_2026,VCT 2026: Americas Kickoff,2026,americas,kickoff,12:00 AM,Sentinels,FURIA,0,2,FURIA,Upper Round 2,596404,https://www.vlr.gg/596404/sentinels-vs-furia-vct-2026-americas-kickoff-ur2
kickoff_americas_2026,VCT 2026: Americas Kickoff,2026,americas,kickoff,2:20 AM,G2 Esports,100 Thieves,2,1,G2 Esports,Upper Round 2,596405,https://www.vlr.gg/596405/g2-esports-vs-100-thieves-vct-2026-americas-kickoff-ur2
kickoff_americas_2026,VCT 2026: Americas Kickoff,2026,americas,kickoff,12:00 AM,LOUD,100 Thieves,1,2,100 Thieves,Middle Round 1,596409,https://www.vlr.gg/596409/loud-vs-100-thieves-vct-2026-americas-kickoff-mr1
kickoff_americas_2026,VCT 2026: Americas Kickoff,2026,americas,kickoff,3:10 AM,Evil Geniuses,Sentinels,0,2,Sentinels,Middle Round 1,596410,https://www.vlr.gg/596410/evil-geniuses-vs-sentinels-vct-2026-americas-kickoff-mr1
kickoff_americas_2026,VCT 2026: Americas Kickoff,2026,americas,kickoff,12:00 AM,KRÜ Esports,ENVY,1,2,ENVY,Middle Round 1,596411,https://www.vlr.gg/596411/kr-esports-vs-envy-vct-2026-americas-kickoff-mr1
kickoff_americas_2026,VCT 2026: Americas Kickoff,2026,americas,kickoff,3:05 AM,LEVIATÁN,Cloud9,0,2,Cloud9,Middle Round 1,596412,https://www.vlr.gg/596412/leviat-n-vs-cloud9-vct-2026-americas-kickoff-mr1
kickoff_americas_2026,VCT 2026: Americas Kickoff,2026,americas,kickoff,12:00 AM,100 Thieves,Sentinels,2,0,100 Thieves,Middle Round 2,596413,https://www.vlr.gg/596413/100-thieves-vs-sentinels-vct-2026-americas-kickoff-mr2
kickoff_americas_2026,VCT 2026: Americas Kickoff,2026,americas,kickoff,3:00 AM,ENVY,Cloud9,1,2,Cloud9,Middle Round 2,596414,https://www.vlr.gg/596414/envy-vs-cloud9-vct-2026-americas-kickoff-mr2
kickoff_americas_2026,VCT 2026: Americas Kickoff,2026,americas,kickoff,12:00 AM,NRG,MIBR,1,2,MIBR,Upper Round 3,596406,https://www.vlr.gg/596406/nrg-vs-mibr-vct-2026-americas-kickoff-ur3
kickoff_americas_2026,VCT 2026: Americas Kickoff,2026,americas,kickoff,3:55 AM,FURIA,G2 Esports,2,1,FURIA,Upper Round 3,596407,https://www.vlr.gg/596407/furia-vs-g2-esports-vct-2026-americas-kickoff-ur3
kickoff_americas_2026,VCT 2026: Americas Kickoff,2026,americas,kickoff,12:00 AM,LOUD,Evil Geniuses,0,2,Evil Geniuses,Lower Round 1,596419,https://www.vlr.gg/596419/loud-vs-evil-geniuses-vct-2026-americas-kickoff-lr1
kickoff_americas_2026,VCT 2026: Americas Kickoff,2026,americas,kickoff,2:45 AM,KRÜ Esports,LEVIATÁN,0,2,LEVIATÁN,Lower Round 1,596420,https://www.vlr.gg/596420/kr-esports-vs-leviat-n-vct-2026-americas-kickoff-lr1
kickoff_americas_2026,VCT 2026: Americas Kickoff,2026,americas,kickoff,12:00 AM,NRG,100 Thieves,2,0,NRG,Middle Round 3,596415,https://www.vlr.gg/596415/nrg-vs-100-thieves-vct-2026-americas-kickoff-mr3
kickoff_americas_2026,VCT 2026: Americas Kickoff,2026,americas,kickoff,2:25 AM,G2 Esports,Cloud9,2,0,G2 Esports,Middle Round 3,596416,https://www.vlr.gg/596416/g2-esports-vs-cloud9-vct-2026-americas-kickoff-mr3
kickoff_americas_2026,VCT 2026: Americas Kickoff,2026,americas,kickoff,12:00 AM,ENVY,Evil Geniuses,0,2,Evil Geniuses,Lower Round 2,596421,https://www.vlr.gg/596421/envy-vs-evil-geniuses-vct-2026-americas-kickoff-lr2
kickoff_americas_2026,VCT 2026: Americas Kickoff,2026,americas,kickoff,2:30 AM,Sentinels,LEVIATÁN,0,2,LEVIATÁN,Lower Round 2,596422,https://www.vlr.gg/596422/sentinels-vs-leviat-n-vct-2026-americas-kickoff-lr2
kickoff_americas_2026,VCT 2026: Americas Kickoff,2026,americas,kickoff,10:00 PM,100 Thieves,Evil Geniuses,2,0,100 Thieves,Lower Round 3,596423,https://www.vlr.gg/596423/100-thieves-vs-evil-geniuses-vct-2026-americas-kickoff-lr3
kickoff_americas_2026,VCT 2026: Americas Kickoff,2026,americas,kickoff,1:20 AM,Cloud9,LEVIATÁN,2,0,Cloud9,Lower Round 3,596424,https://www.vlr.gg/596424/cloud9-vs-leviat-n-vct-2026-americas-kickoff-lr3
kickoff_americas_2026,VCT 2026: Americas Kickoff,2026,americas,kickoff,3:25 AM,NRG,G2 Esports,0,2,G2 Esports,Middle Round 4,596417,https://www.vlr.gg/596417/nrg-vs-g2-esports-vct-2026-americas-kickoff-mr4
kickoff_americas_2026,VCT 2026: Americas Kickoff,2026,americas,kickoff,10:00 PM,100 Thieves,Cloud9,2,1,100 Thieves,Lower Round 4,596425,https://www.vlr.gg/596425/100-thieves-vs-cloud9-vct-2026-americas-kickoff-lr4
kickoff_americas_2026,VCT 2026: Americas Kickoff,2026,americas,kickoff,1:30 AM,MIBR,FURIA,2,3,FURIA,Upper Final,596408,https://www.vlr.gg/596408/mibr-vs-furia-vct-2026-americas-kickoff-ubf
kickoff_americas_2026,VCT 2026: Americas Kickoff,2026,americas,kickoff,10:00 PM,NRG,100 Thieves,2,0,NRG,Lower Round 5,596426,https://www.vlr.gg/596426/nrg-vs-100-thieves-vct-2026-americas-kickoff-lr5
kickoff_americas_2026,VCT 2026: Americas Kickoff,2026,americas,kickoff,12:20 AM,MIBR,G2 Esports,0,3,G2 Esports,Middle Final,596418,https://www.vlr.gg/596418/mibr-vs-g2-esports-vct-2026-americas-kickoff-mbf
kickoff_americas_2026,VCT 2026: Americas Kickoff,2026,americas,kickoff,12:00 AM,MIBR,NRG,2,3,NRG,Lower Final,596427,https://www.vlr.gg/596427/mibr-vs-nrg-vct-2026-americas-kickoff-lbf
kickoff_pacific_2026,VCT 2026: Pacific Kickoff,2026,pacific,kickoff,10:00 AM,Nongshim RedForce,Team Secret,2,0,Nongshim RedForce,Upper Round 1,595630,https://www.vlr.gg/595630/nongshim-redforce-vs-team-secret-vct-2026-pacific-kickoff-ur1
kickoff_pacific_2026,VCT 2026: Pacific Kickoff,2026,pacific,kickoff,12:10 PM,ZETA DIVISION,FULL SENSE,0,2,FULL SENSE,Upper Round 1,595631,https://www.vlr.gg/595631/zeta-division-vs-full-sense-vct-2026-pacific-kickoff-ur1
kickoff_pacific_2026,VCT 2026: Pacific Kickoff,2026,pacific,kickoff,10:00 AM,VARREL,Global Esports,0,2,Global Esports,Upper Round 1,595632,https://www.vlr.gg/595632/varrel-vs-global-esports-vct-2026-pacific-kickoff-ur1
kickoff_pacific_2026,VCT 2026: Pacific Kickoff,2026,pacific,kickoff,12:10 PM,DetonatioN FocusMe,Gen.G,2,0,DetonatioN FocusMe,Upper Round 1,595633,https://www.vlr.gg/595633/detonation-focusme-vs-gen-g-vct-2026-pacific-kickoff-ur1
kickoff_pacific_2026,VCT 2026: Pacific Kickoff,2026,pacific,kickoff,10:00 AM,T1,Nongshim RedForce,1,2,Nongshim RedForce,Upper Round 2,595634,https://www.vlr.gg/595634/t1-vs-nongshim-redforce-vct-2026-pacific-kickoff-ur2
kickoff_pacific_2026,VCT 2026: Pacific Kickoff,2026,pacific,kickoff,12:55 PM,Kiwoom DRX,FULL SENSE,1,2,FULL SENSE,Upper Round 2,595635,https://www.vlr.gg/595635/drx-vs-full-sense-vct-2026-pacific-kickoff-ur2
kickoff_pacific_2026,VCT 2026: Pacific Kickoff,2026,pacific,kickoff,10:00 AM,Paper Rex,Global Esports,2,1,Paper Rex,Upper Round 2,595636,https://www.vlr.gg/595636/paper-rex-vs-global-esports-vct-2026-pacific-kickoff-ur2
kickoff_pacific_2026,VCT 2026: Pacific Kickoff,2026,pacific,kickoff,1:00 PM,Rex Regum Qeon,DetonatioN FocusMe,2,0,Rex Regum Qeon,Upper Round 2,595637,https://www.vlr.gg/595637/rex-regum-qeon-vs-detonation-focusme-vct-2026-pacific-kickoff-ur2
kickoff_pacific_2026,VCT 2026: Pacific Kickoff,2026,pacific,kickoff,10:00 AM,Team Secret,DetonatioN FocusMe,0,2,DetonatioN FocusMe,Middle Round 1,595641,https://www.vlr.gg/595641/team-secret-vs-detonation-focusme-vct-2026-pacific-kickoff-mr1
kickoff_pacific_2026,VCT 2026: Pacific Kickoff,2026,pacific,kickoff,12:00 PM,ZETA DIVISION,Global Esports,0,2,Global Esports,Middle Round 1,595642,https://www.vlr.gg/595642/zeta-division-vs-global-esports-vct-2026-pacific-kickoff-mr1
kickoff_pacific_2026,VCT 2026: Pacific Kickoff,2026,pacific,kickoff,10:00 AM,VARREL,Kiwoom DRX,1,2,Kiwoom DRX,Middle Round 1,595643,https://www.vlr.gg/595643/varrel-vs-drx-vct-2026-pacific-kickoff-mr1
kickoff_pacific_2026,VCT 2026: Pacific Kickoff,2026,pacific,kickoff,1:25 PM,Gen.G,T1,1,2,T1,Middle Round 1,595644,https://www.vlr.gg/595644/gen-g-vs-t1-vct-2026-pacific-kickoff-mr1
kickoff_pacific_2026,VCT 2026: Pacific Kickoff,2026,pacific,kickoff,10:00 AM,Nongshim RedForce,FULL SENSE,2,0,Nongshim RedForce,Upper Round 3,595638,https://www.vlr.gg/595638/nongshim-redforce-vs-full-sense-vct-2026-pacific-kickoff-ur3
kickoff_pacific_2026,VCT 2026: Pacific Kickoff,2026,pacific,kickoff,12:10 PM,Paper Rex,Rex Regum Qeon,0,2,Rex Regum Qeon,Upper Round 3,595639,https://www.vlr.gg/595639/paper-rex-vs-rex-regum-qeon-vct-2026-pacific-kickoff-ur3
kickoff_pacific_2026,VCT 2026: Pacific Kickoff,2026,pacific,kickoff,10:00 AM,DetonatioN FocusMe,Global Esports,2,1,DetonatioN FocusMe,Middle Round 2,595645,https://www.vlr.gg/595645/detonation-focusme-vs-global-esports-vct-2026-pacific-kickoff-mr2
kickoff_pacific_2026,VCT 2026: Pacific Kickoff,2026,pacific,kickoff,1:05 PM,Kiwoom DRX,T1,0,2,T1,Middle Round 2,595646,https://www.vlr.gg/595646/drx-vs-t1-vct-2026-pacific-kickoff-mr2
kickoff_pacific_2026,VCT 2026: Pacific Kickoff,2026,pacific,kickoff,10:00 AM,Team Secret,ZETA DIVISION,1,2,ZETA DIVISION,Lower Round 1,595651,https://www.vlr.gg/595651/team-secret-vs-zeta-division-vct-2026-pacific-kickoff-lr1
kickoff_pacific_2026,VCT 2026: Pacific Kickoff,2026,pacific,kickoff,12:45 PM,VARREL,Gen.G,1,2,Gen.G,Lower Round 1,595652,https://www.vlr.gg/595652/varrel-vs-gen-g-vct-2026-pacific-kickoff-lr1
kickoff_pacific_2026,VCT 2026: Pacific Kickoff,2026,pacific,kickoff,10:00 AM,FULL SENSE,DetonatioN FocusMe,1,2,DetonatioN FocusMe,Middle Round 3,595647,https://www.vlr.gg/595647/full-sense-vs-detonation-focusme-vct-2026-pacific-kickoff-mr3
kickoff_pacific_2026,VCT 2026: Pacific Kickoff,2026,pacific,kickoff,1:00 PM,Paper Rex,T1,1,2,T1,Middle Round 3,595648,https://www.vlr.gg/595648/paper-rex-vs-t1-vct-2026-pacific-kickoff-mr3
kickoff_pacific_2026,VCT 2026: Pacific Kickoff,2026,pacific,kickoff,10:00 AM,Kiwoom DRX,ZETA DIVISION,2,1,Kiwoom DRX,Lower Round 2,595653,https://www.vlr.gg/595653/drx-vs-zeta-division-vct-2026-pacific-kickoff-lr2
kickoff_pacific_2026,VCT 2026: Pacific Kickoff,2026,pacific,kickoff,1:00 PM,Global Esports,Gen.G,2,1,Global Esports,Lower Round 2,595654,https://www.vlr.gg/595654/global-esports-vs-gen-g-vct-2026-pacific-kickoff-lr2
kickoff_pacific_2026,VCT 2026: Pacific Kickoff,2026,pacific,kickoff,10:00 AM,FULL SENSE,Kiwoom DRX,0,2,Kiwoom DRX,Lower Round 3,595655,https://www.vlr.gg/595655/full-sense-vs-drx-vct-2026-pacific-kickoff-lr3
kickoff_pacific_2026,VCT 2026: Pacific Kickoff,2026,pacific,kickoff,12:00 PM,Paper Rex,Global Esports,2,1,Paper Rex,Lower Round 3,595656,https://www.vlr.gg/595656/paper-rex-vs-global-esports-vct-2026-pacific-kickoff-lr3
kickoff_pacific_2026,VCT 2026: Pacific Kickoff,2026,pacific,kickoff,10:00 AM,Kiwoom DRX,Paper Rex,1,2,Paper Rex,Lower Round 4,595657,https://www.vlr.gg/595657/drx-vs-paper-rex-vct-2026-pacific-kickoff-lr4
kickoff_pacific_2026,VCT 2026: Pacific Kickoff,2026,pacific,kickoff,9:00 AM,DetonatioN FocusMe,T1,0,2,T1,Middle Round 4,595649,https://www.vlr.gg/595649/detonation-focusme-vs-t1-vct-2026-pacific-kickoff-mr4
kickoff_pacific_2026,VCT 2026: Pacific Kickoff,2026,pacific,kickoff,11:00 AM,Nongshim RedForce,Rex Regum Qeon,3,2,Nongshim RedForce,Upper Final,595640,https://www.vlr.gg/595640/nongshim-redforce-vs-rex-regum-qeon-vct-2026-pacific-kickoff-ubf
kickoff_pacific_2026,VCT 2026: Pacific Kickoff,2026,pacific,kickoff,9:00 AM,DetonatioN FocusMe,Paper Rex,0,2,Paper Rex,Lower Round 5,595658,https://www.vlr.gg/595658/detonation-focusme-vs-paper-rex-vct-2026-pacific-kickoff-lr5
kickoff_pacific_2026,VCT 2026: Pacific Kickoff,2026,pacific,kickoff,11:00 AM,Rex Regum Qeon,T1,0,3,T1,Middle Final,595650,https://www.vlr.gg/595650/rex-regum-qeon-vs-t1-vct-2026-pacific-kickoff-mbf
kickoff_pacific_2026,VCT 2026: Pacific Kickoff,2026,pacific,kickoff,9:00 AM,Rex Regum Qeon,Paper Rex,1,3,Paper Rex,Lower Final,595659,https://www.vlr.gg/595659/rex-regum-qeon-vs-paper-rex-vct-2026-pacific-kickoff-lbf
kickoff_china_2026,VCT 2026: China Kickoff,2026,china,kickoff,11:00 AM,Trace Esports,Wolves Esports,1,2,Wolves Esports,Upper Round 1,598923,https://www.vlr.gg/598923/trace-esports-vs-wolves-esports-vct-2026-china-kickoff-ur1
kickoff_china_2026,VCT 2026: China Kickoff,2026,china,kickoff,2:25 PM,FunPlus Phoenix,TYLOO,0,2,TYLOO,Upper Round 1,598924,https://www.vlr.gg/598924/funplus-phoenix-vs-tyloo-vct-2026-china-kickoff-ur1
kickoff_china_2026,VCT 2026: China Kickoff,2026,china,kickoff,11:00 AM,All Gamers,Nova Esports,2,0,All Gamers,Upper Round 1,598921,https://www.vlr.gg/598921/all-gamers-vs-nova-esports-vct-2026-china-kickoff-ur1
kickoff_china_2026,VCT 2026: China Kickoff,2026,china,kickoff,1:55 PM,JDG Esports,Titan Esports Club,2,1,JDG Esports,Upper Round 1,598922,https://www.vlr.gg/598922/jdg-esports-vs-titan-esports-club-vct-2026-china-kickoff-ur1
kickoff_china_2026,VCT 2026: China Kickoff,2026,china,kickoff,11:00 AM,Xi Lai Gaming,Wolves Esports,2,0,Xi Lai Gaming,Upper Round 2,598927,https://www.vlr.gg/598927/xi-lai-gaming-vs-wolves-esports-vct-2026-china-kickoff-ur2
kickoff_china_2026,VCT 2026: China Kickoff,2026,china,kickoff,1:35 PM,EDward Gaming,TYLOO,2,0,EDward Gaming,Upper Round 2,598928,https://www.vlr.gg/598928/edward-gaming-vs-tyloo-vct-2026-china-kickoff-ur2
kickoff_china_2026,VCT 2026: China Kickoff,2026,china,kickoff,11:00 AM,Bilibili Gaming,All Gamers,0,2,All Gamers,Upper Round 2,598925,https://www.vlr.gg/598925/bilibili-gaming-vs-all-gamers-vct-2026-china-kickoff-ur2
kickoff_china_2026,VCT 2026: China Kickoff,2026,china,kickoff,1:30 PM,Dragon Ranger Gaming,JDG Esports,2,1,Dragon Ranger Gaming,Upper Round 2,598926,https://www.vlr.gg/598926/dragon-ranger-gaming-vs-jdg-esports-vct-2026-china-kickoff-ur2
kickoff_china_2026,VCT 2026: China Kickoff,2026,china,kickoff,11:00 AM,Nova Esports,TYLOO,0,2,TYLOO,Middle Round 1,598932,https://www.vlr.gg/598932/nova-esports-vs-tyloo-vct-2026-china-kickoff-mr1
kickoff_china_2026,VCT 2026: China Kickoff,2026,china,kickoff,1:00 PM,Titan Esports Club,Wolves Esports,2,1,Titan Esports Club,Middle Round 1,598933,https://www.vlr.gg/598933/titan-esports-club-vs-wolves-esports-vct-2026-china-kickoff-mr1
kickoff_china_2026,VCT 2026: China Kickoff,2026,china,kickoff,11:00 AM,Trace Esports,JDG Esports,2,1,Trace Esports,Middle Round 1,598934,https://www.vlr.gg/598934/trace-esports-vs-jdg-esports-vct-2026-china-kickoff-mr1
kickoff_china_2026,VCT 2026: China Kickoff,2026,china,kickoff,2:10 PM,FunPlus Phoenix,Bilibili Gaming,0,2,Bilibili Gaming,Middle Round 1,598935,https://www.vlr.gg/598935/funplus-phoenix-vs-bilibili-gaming-vct-2026-china-kickoff-mr1
kickoff_china_2026,VCT 2026: China Kickoff,2026,china,kickoff,11:00 AM,TYLOO,Titan Esports Club,2,1,TYLOO,Middle Round 2,598936,https://www.vlr.gg/598936/tyloo-vs-titan-esports-club-vct-2026-china-kickoff-mr2
kickoff_china_2026,VCT 2026: China Kickoff,2026,china,kickoff,2:25 PM,Trace Esports,Bilibili Gaming,0,2,Bilibili Gaming,Middle Round 2,598937,https://www.vlr.gg/598937/trace-esports-vs-bilibili-gaming-vct-2026-china-kickoff-mr2
kickoff_china_2026,VCT 2026: China Kickoff,2026,china,kickoff,11:00 AM,Nova Esports,Wolves Esports,1,2,Wolves Esports,Lower Round 1,598942,https://www.vlr.gg/598942/nova-esports-vs-wolves-esports-vct-2026-china-kickoff-lr1
kickoff_china_2026,VCT 2026: China Kickoff,2026,china,kickoff,2:10 PM,All Gamers,Dragon Ranger Gaming,2,1,All Gamers,Upper Round 3,598929,https://www.vlr.gg/598929/all-gamers-vs-dragon-ranger-gaming-vct-2026-china-kickoff-ur3
kickoff_china_2026,VCT 2026: China Kickoff,2026,china,kickoff,11:00 AM,JDG Esports,FunPlus Phoenix,2,1,JDG Esports,Lower Round 1,598943,https://www.vlr.gg/598943/jdg-esports-vs-funplus-phoenix-vct-2026-china-kickoff-lr1
kickoff_china_2026,VCT 2026: China Kickoff,2026,china,kickoff,2:00 PM,Xi Lai Gaming,EDward Gaming,2,0,Xi Lai Gaming,Upper Round 3,598930,https://www.vlr.gg/598930/xi-lai-gaming-vs-edward-gaming-vct-2026-china-kickoff-ur3
kickoff_china_2026,VCT 2026: China Kickoff,2026,china,kickoff,11:00 AM,Trace Esports,Wolves Esports,2,1,Trace Esports,Lower Round 2,598944,https://www.vlr.gg/598944/trace-esports-vs-wolves-esports-vct-2026-china-kickoff-lr2
kickoff_china_2026,VCT 2026: China Kickoff,2026,china,kickoff,2:30 PM,Dragon Ranger Gaming,TYLOO,2,1,Dragon Ranger Gaming,Middle Round 3,598938,https://www.vlr.gg/598938/dragon-ranger-gaming-vs-tyloo-vct-2026-china-kickoff-mr3
kickoff_china_2026,VCT 2026: China Kickoff,2026,china,kickoff,11:00 AM,Titan Esports Club,JDG Esports,1,2,JDG Esports,Lower Round 2,598945,https://www.vlr.gg/598945/titan-esports-club-vs-jdg-esports-vct-2026-china-kickoff-lr2
kickoff_china_2026,VCT 2026: China Kickoff,2026,china,kickoff,2:20 PM,EDward Gaming,Bilibili Gaming,1,2,Bilibili Gaming,Middle Round 3,598939,https://www.vlr.gg/598939/edward-gaming-vs-bilibili-gaming-vct-2026-china-kickoff-mr3
kickoff_china_2026,VCT 2026: China Kickoff,2026,china,kickoff,11:00 AM,TYLOO,Trace Esports,2,0,TYLOO,Lower Round 3,598946,https://www.vlr.gg/598946/tyloo-vs-trace-esports-vct-2026-china-kickoff-lr3
kickoff_china_2026,VCT 2026: China Kickoff,2026,china,kickoff,1:25 PM,EDward Gaming,JDG Esports,2,1,EDward Gaming,Lower Round 3,598947,https://www.vlr.gg/598947/edward-gaming-vs-jdg-esports-vct-2026-china-kickoff-lr3
kickoff_china_2026,VCT 2026: China Kickoff,2026,china,kickoff,11:00 AM,Dragon Ranger Gaming,Bilibili Gaming,0,2,Bilibili Gaming,Middle Round 4,598940,https://www.vlr.gg/598940/dragon-ranger-gaming-vs-bilibili-gaming-vct-2026-china-kickoff-mr4
kickoff_china_2026,VCT 2026: China Kickoff,2026,china,kickoff,1:00 PM,TYLOO,EDward Gaming,1,2,EDward Gaming,Lower Round 4,598948,https://www.vlr.gg/598948/tyloo-vs-edward-gaming-vct-2026-china-kickoff-lr4
kickoff_china_2026,VCT 2026: China Kickoff,2026,china,kickoff,9:00 AM,Dragon Ranger Gaming,EDward Gaming,1,2,EDward Gaming,Lower Round 5,598949,https://www.vlr.gg/598949/dragon-ranger-gaming-vs-edward-gaming-vct-2026-china-kickoff-lr5
kickoff_china_2026,VCT 2026: China Kickoff,2026,china,kickoff,12:10 PM,All Gamers,Xi Lai Gaming,3,2,All Gamers,Upper Final,598931,https://www.vlr.gg/598931/all-gamers-vs-xi-lai-gaming-vct-2026-china-kickoff-ubf
kickoff_china_2026,VCT 2026: China Kickoff,2026,china,kickoff,11:00 AM,Xi Lai Gaming,Bilibili Gaming,3,2,Xi Lai Gaming,Middle Final,598941,https://www.vlr.gg/598941/xi-lai-gaming-vs-bilibili-gaming-vct-2026-china-kickoff-mbf
kickoff_china_2026,VCT 2026: China Kickoff,2026,china,kickoff,11:00 AM,Bilibili Gaming,EDward Gaming,1,3,EDward Gaming,Lower Final,598950,https://www.vlr.gg/598950/bilibili-gaming-vs-edward-gaming-vct-2026-china-kickoff-lbf
masters_santiago_2026,Masters Santiago 2026,2026,intl,masters,1:00 AM,ABC 123,LEGION,2,0,ABC 123,Opening (A),576871,https://www.vlr.gg/576871/abc-123-vs-legion-funhavergg-mad-science-draft-5-opening-a
masters_santiago_2026,Masters Santiago 2026,2026,intl,masters,1:00 AM,K9 Unit,Empire Gaming,2,0,K9 Unit,Opening (A),576872,https://www.vlr.gg/576872/k9-unit-vs-empire-gaming-funhavergg-mad-science-draft-5-opening-a
masters_santiago_2026,Masters Santiago 2026,2026,intl,masters,1:00 AM,ROSE,Johns Kittens,2,0,ROSE,Opening (B),576876,https://www.vlr.gg/576876/rose-vs-johns-kittens-funhavergg-mad-science-draft-5-opening-b
masters_santiago_2026,Masters Santiago 2026,2026,intl,masters,1:00 AM,abg huntas,ROSO Crystal,0,2,ROSO Crystal,Opening (B),576877,https://www.vlr.gg/576877/abg-huntas-vs-roso-crystal-funhavergg-mad-science-draft-5-opening-b
masters_santiago_2026,Masters Santiago 2026,2026,intl,masters,1:00 AM,G KENT LOVES JP,Hidden Invictus,2,0,G KENT LOVES JP,Opening (C),576881,https://www.vlr.gg/576881/g-kent-loves-jp-vs-hidden-invictus-funhavergg-mad-science-draft-5-opening-c
masters_santiago_2026,Masters Santiago 2026,2026,intl,masters,1:00 AM,HEHEHEHA,Milan and friends,1,2,Milan and friends,Opening (C),576882,https://www.vlr.gg/576882/heheheha-vs-milan-and-friends-funhavergg-mad-science-draft-5-opening-c
masters_santiago_2026,Masters Santiago 2026,2026,intl,masters,1:00 AM,Pigeons,X8,2,0,Pigeons,Opening (D),576886,https://www.vlr.gg/576886/pigeons-vs-x8-funhavergg-mad-science-draft-5-opening-d
masters_santiago_2026,Masters Santiago 2026,2026,intl,masters,1:00 AM,Mannys Minions,OCE5N,2,0,Mannys Minions,Opening (D),576887,https://www.vlr.gg/576887/mannys-minions-vs-oce5n-funhavergg-mad-science-draft-5-opening-d
masters_santiago_2026,Masters Santiago 2026,2026,intl,masters,1:00 AM,Currys Money Crew,breys kfc bucket,2,0,Currys Money Crew,Opening (E),576891,https://www.vlr.gg/576891/currys-money-crew-vs-breys-kfc-bucket-funhavergg-mad-science-draft-5-opening-e
masters_santiago_2026,Masters Santiago 2026,2026,intl,masters,1:00 AM,Krusty Krab,Certified Turtles,0,0,tie,Opening (E),576892,https://www.vlr.gg/576892/krusty-krab-vs-certified-turtles-funhavergg-mad-science-draft-5-opening-e
masters_santiago_2026,Masters Santiago 2026,2026,intl,masters,1:00 AM,Purpose Gaming,TWK,2,0,Purpose Gaming,Opening (F),576896,https://www.vlr.gg/576896/purpose-gaming-vs-twk-funhavergg-mad-science-draft-5-opening-f
masters_santiago_2026,Masters Santiago 2026,2026,intl,masters,1:00 AM,Nostalgia,Fish321,2,0,Nostalgia,Opening (F),576897,https://www.vlr.gg/576897/nostalgia-vs-fish321-funhavergg-mad-science-draft-5-opening-f
masters_santiago_2026,Masters Santiago 2026,2026,intl,masters,1:00 AM,happy esports,InControl,2,0,happy esports,Opening (G),576901,https://www.vlr.gg/576901/happy-esports-vs-incontrol-funhavergg-mad-science-draft-5-opening-g
masters_santiago_2026,Masters Santiago 2026,2026,intl,masters,1:00 AM,Lebron Booey James,PUGPUG,2,0,Lebron Booey James,Opening (G),576902,https://www.vlr.gg/576902/lebron-booey-james-vs-pugpug-funhavergg-mad-science-draft-5-opening-g
masters_santiago_2026,Masters Santiago 2026,2026,intl,masters,1:00 AM,Daddys Home,ROSO Royal,2,0,Daddys Home,Opening (H),576906,https://www.vlr.gg/576906/daddys-home-vs-roso-royal-funhavergg-mad-science-draft-5-opening-h
masters_santiago_2026,Masters Santiago 2026,2026,intl,masters,1:00 AM,Popeyes 4PC Day 2,Wanna Bes,2,0,Popeyes 4PC Day 2,Opening (H),576907,https://www.vlr.gg/576907/popeyes-4pc-day-2-vs-wanna-bes-funhavergg-mad-science-draft-5-opening-h
masters_santiago_2026,Masters Santiago 2026,2026,intl,masters,1:00 AM,group stage guardians,Julia Julia Julia Julia and John,2,1,group stage guardians,Opening (I),576912,https://www.vlr.gg/576912/group-stage-guardians-vs-julia-julia-julia-julia-and-john-funhavergg-mad-science-draft-5-openi
masters_santiago_2026,Masters Santiago 2026,2026,intl,masters,1:00 AM,Team Kiri,benjino n co,1,2,benjino n co,Opening (I),576913,https://www.vlr.gg/576913/team-kiri-vs-benjino-n-co-funhavergg-mad-science-draft-5-opening-i
masters_santiago_2026,Masters Santiago 2026,2026,intl,masters,1:00 AM,Young Franchise Phenoms,MACHINE ESPORTS,2,0,Young Franchise Phenoms,Opening (J),576917,https://www.vlr.gg/576917/young-franchise-phenoms-vs-machine-esports-funhavergg-mad-science-draft-5-opening-j
masters_santiago_2026,Masters Santiago 2026,2026,intl,masters,1:00 AM,good girls,YDZ Esports,2,0,good girls,Opening (J),576918,https://www.vlr.gg/576918/good-girls-vs-ydz-esports-funhavergg-mad-science-draft-5-opening-j
masters_santiago_2026,Masters Santiago 2026,2026,intl,masters,3:00 AM,ABC 123,K9 Unit,2,0,ABC 123,Winner's (A),576873,https://www.vlr.gg/576873/abc-123-vs-k9-unit-funhavergg-mad-science-draft-5-winners-a
masters_santiago_2026,Masters Santiago 2026,2026,intl,masters,3:00 AM,Empire Gaming,LEGION,2,0,Empire Gaming,Elimination (A),576874,https://www.vlr.gg/576874/empire-gaming-vs-legion-funhavergg-mad-science-draft-5-elim-a
masters_santiago_2026,Masters Santiago 2026,2026,intl,masters,3:00 AM,ROSE,ROSO Crystal,2,0,ROSE,Winner's (B),576878,https://www.vlr.gg/576878/rose-vs-roso-crystal-funhavergg-mad-science-draft-5-winners-b
masters_santiago_2026,Masters Santiago 2026,2026,intl,masters,3:00 AM,abg huntas,Johns Kittens,1,2,Johns Kittens,Elimination (B),576879,https://www.vlr.gg/576879/abg-huntas-vs-johns-kittens-funhavergg-mad-science-draft-5-elim-b
masters_santiago_2026,Masters Santiago 2026,2026,intl,masters,3:00 AM,G KENT LOVES JP,Milan and friends,2,0,G KENT LOVES JP,Winner's (C),576883,https://www.vlr.gg/576883/g-kent-loves-jp-vs-milan-and-friends-funhavergg-mad-science-draft-5-winners-c
masters_santiago_2026,Masters Santiago 2026,2026,intl,masters,3:00 AM,HEHEHEHA,Hidden Invictus,2,0,HEHEHEHA,Elimination (C),576884,https://www.vlr.gg/576884/heheheha-vs-hidden-invictus-funhavergg-mad-science-draft-5-elim-c
masters_santiago_2026,Masters Santiago 2026,2026,intl,masters,3:00 AM,Pigeons,Mannys Minions,2,0,Pigeons,Winner's (D),576888,https://www.vlr.gg/576888/pigeons-vs-mannys-minions-funhavergg-mad-science-draft-5-winners-d
masters_santiago_2026,Masters Santiago 2026,2026,intl,masters,3:00 AM,OCE5N,X8,2,1,OCE5N,Elimination (D),576889,https://www.vlr.gg/576889/oce5n-vs-x8-funhavergg-mad-science-draft-5-elim-d
masters_santiago_2026,Masters Santiago 2026,2026,intl,masters,3:00 AM,Currys Money Crew,Krusty Krab,2,1,Currys Money Crew,Winner's (E),576893,https://www.vlr.gg/576893/currys-money-crew-vs-krusty-krab-funhavergg-mad-science-draft-5-winners-e
masters_santiago_2026,Masters Santiago 2026,2026,intl,masters,3:00 AM,Certified Turtles,breys kfc bucket,0,0,tie,Elimination (E),576894,https://www.vlr.gg/576894/certified-turtles-vs-breys-kfc-bucket-funhavergg-mad-science-draft-5-elim-e
masters_santiago_2026,Masters Santiago 2026,2026,intl,masters,3:00 AM,Purpose Gaming,Nostalgia,2,0,Purpose Gaming,Winner's (F),576898,https://www.vlr.gg/576898/purpose-gaming-vs-nostalgia-funhavergg-mad-science-draft-5-winners-f
masters_santiago_2026,Masters Santiago 2026,2026,intl,masters,3:00 AM,TWK,Fish321,2,1,TWK,Elimination (F),576899,https://www.vlr.gg/576899/twk-vs-fish321-funhavergg-mad-science-draft-5-elim-f
masters_santiago_2026,Masters Santiago 2026,2026,intl,masters,3:00 AM,happy esports,Lebron Booey James,2,0,happy esports,Winner's (G),576903,https://www.vlr.gg/576903/happy-esports-vs-lebron-booey-james-funhavergg-mad-science-draft-5-winners-g
masters_santiago_2026,Masters Santiago 2026,2026,intl,masters,3:00 AM,InControl,PUGPUG,2,0,InControl,Elimination (G),576904,https://www.vlr.gg/576904/incontrol-vs-pugpug-funhavergg-mad-science-draft-5-elim-g
masters_santiago_2026,Masters Santiago 2026,2026,intl,masters,3:00 AM,Daddys Home,Popeyes 4PC Day 2,1,2,Popeyes 4PC Day 2,Winner's (H),576908,https://www.vlr.gg/576908/daddys-home-vs-popeyes-4pc-day-2-funhavergg-mad-science-draft-5-winners-h
masters_santiago_2026,Masters Santiago 2026,2026,intl,masters,3:00 AM,ROSO Royal,Wanna Bes,2,0,ROSO Royal,Elimination (H),576910,https://www.vlr.gg/576910/roso-royal-vs-wanna-bes-funhavergg-mad-science-draft-5-elim-h
masters_santiago_2026,Masters Santiago 2026,2026,intl,masters,3:00 AM,group stage guardians,benjino n co,2,0,group stage guardians,Winner's (I),576914,https://www.vlr.gg/576914/group-stage-guardians-vs-benjino-n-co-funhavergg-mad-science-draft-5-winners-i
masters_santiago_2026,Masters Santiago 2026,2026,intl,masters,3:00 AM,Julia Julia Julia Julia and John,Team Kiri,1,2,Team Kiri,Elimination (I),576915,https://www.vlr.gg/576915/julia-julia-julia-julia-and-john-vs-team-kiri-funhavergg-mad-science-draft-5-elim-i
masters_santiago_2026,Masters Santiago 2026,2026,intl,masters,3:00 AM,Young Franchise Phenoms,good girls,2,0,Young Franchise Phenoms,Winner's (J),576919,https://www.vlr.gg/576919/young-franchise-phenoms-vs-good-girls-funhavergg-mad-science-draft-5-winners-j
masters_santiago_2026,Masters Santiago 2026,2026,intl,masters,3:00 AM,MACHINE ESPORTS,YDZ Esports,1,2,YDZ Esports,Elimination (J),576920,https://www.vlr.gg/576920/machine-esports-vs-ydz-esports-funhavergg-mad-science-draft-5-elim-j
masters_santiago_2026,Masters Santiago 2026,2026,intl,masters,5:00 AM,K9 Unit,Empire Gaming,2,0,K9 Unit,Decider (A),576875,https://www.vlr.gg/576875/k9-unit-vs-empire-gaming-funhavergg-mad-science-draft-5-decider-a
masters_santiago_2026,Masters Santiago 2026,2026,intl,masters,5:00 AM,ROSO Crystal,Johns Kittens,2,1,ROSO Crystal,Decider (B),576880,https://www.vlr.gg/576880/roso-crystal-vs-johns-kittens-funhavergg-mad-science-draft-5-decider-b
masters_santiago_2026,Masters Santiago 2026,2026,intl,masters,5:00 AM,Milan and friends,HEHEHEHA,1,2,HEHEHEHA,Decider (C),576885,https://www.vlr.gg/576885/milan-and-friends-vs-heheheha-funhavergg-mad-science-draft-5-decider-c
masters_santiago_2026,Masters Santiago 2026,2026,intl,masters,5:00 AM,Mannys Minions,OCE5N,2,0,Mannys Minions,Decider (D),576890,https://www.vlr.gg/576890/mannys-minions-vs-oce5n-funhavergg-mad-science-draft-5-decider-d
masters_santiago_2026,Masters Santiago 2026,2026,intl,masters,5:00 AM,Krusty Krab,breys kfc bucket,2,0,Krusty Krab,Decider (E),576895,https://www.vlr.gg/576895/krusty-krab-vs-breys-kfc-bucket-funhavergg-mad-science-draft-5-decider-e
masters_santiago_2026,Masters Santiago 2026,2026,intl,masters,5:00 AM,Nostalgia,TWK,2,1,Nostalgia,Decider (F),576900,https://www.vlr.gg/576900/nostalgia-vs-twk-funhavergg-mad-science-draft-5-decider-f
masters_santiago_2026,Masters Santiago 2026,2026,intl,masters,5:00 AM,Lebron Booey James,InControl,2,1,Lebron Booey James,Decider (G),576905,https://www.vlr.gg/576905/lebron-booey-james-vs-incontrol-funhavergg-mad-science-draft-5-decider-g
masters_santiago_2026,Masters Santiago 2026,2026,intl,masters,5:00 AM,Daddys Home,ROSO Royal,2,0,Daddys Home,Decider (H),576911,https://www.vlr.gg/576911/daddys-home-vs-roso-royal-funhavergg-mad-science-draft-5-decider-h
masters_santiago_2026,Masters Santiago 2026,2026,intl,masters,5:00 AM,benjino n co,Team Kiri,0,2,Team Kiri,Decider (I),576916,https://www.vlr.gg/576916/benjino-n-co-vs-team-kiri-funhavergg-mad-science-draft-5-decider-i
masters_santiago_2026,Masters Santiago 2026,2026,intl,masters,5:00 AM,good girls,YDZ Esports,2,0,good girls,Decider (J),576921,https://www.vlr.gg/576921/good-girls-vs-ydz-esports-funhavergg-mad-science-draft-5-decider-j
masters_santiago_2026,Masters Santiago 2026,2026,intl,masters,9:00 PM,good girls,HEHEHEHA,2,1,good girls,Round of 32,576932,https://www.vlr.gg/576932/good-girls-vs-heheheha-funhavergg-mad-science-draft-5-ro32
masters_santiago_2026,Masters Santiago 2026,2026,intl,masters,9:00 PM,group stage guardians,Milan and friends,2,0,group stage guardians,Round of 32,576935,https://www.vlr.gg/576935/group-stage-guardians-vs-milan-and-friends-funhavergg-mad-science-draft-5-ro32
masters_santiago_2026,Masters Santiago 2026,2026,intl,masters,9:00 PM,Nostalgia,ROSO Crystal,2,1,Nostalgia,Round of 32,576937,https://www.vlr.gg/576937/nostalgia-vs-roso-crystal-funhavergg-mad-science-draft-5-ro32
masters_santiago_2026,Masters Santiago 2026,2026,intl,masters,9:00 PM,Lebron Booey James,InControl,2,0,Lebron Booey James,Round of 32,576939,https://www.vlr.gg/576939/lebron-booey-james-vs-incontrol-funhavergg-mad-science-draft-5-ro32
masters_santiago_2026,Masters Santiago 2026,2026,intl,masters,9:00 PM,Krusty Krab,Mannys Minions,0,2,Mannys Minions,Round of 32,576941,https://www.vlr.gg/576941/krusty-krab-vs-mannys-minions-funhavergg-mad-science-draft-5-ro32
masters_santiago_2026,Masters Santiago 2026,2026,intl,masters,9:00 PM,Young Franchise Phenoms,ROSO Royal,2,0,Young Franchise Phenoms,Round of 32,576943,https://www.vlr.gg/576943/young-franchise-phenoms-vs-roso-royal-funhavergg-mad-science-draft-5-ro32
masters_santiago_2026,Masters Santiago 2026,2026,intl,masters,9:00 PM,Daddys Home,K9 Unit,0,2,K9 Unit,Round of 32,576945,https://www.vlr.gg/576945/daddys-home-vs-k9-unit-funhavergg-mad-science-draft-5-ro32
masters_santiago_2026,Masters Santiago 2026,2026,intl,masters,9:00 PM,Team Kiri,Johns Kittens,2,1,Team Kiri,Round of 32,576947,https://www.vlr.gg/576947/team-kiri-vs-johns-kittens-funhavergg-mad-science-draft-5-ro32
masters_santiago_2026,Masters Santiago 2026,2026,intl,masters,11:00 PM,ABC 123,good girls,1,2,good girls,Round of 16,576948,https://www.vlr.gg/576948/abc-123-vs-good-girls-funhavergg-mad-science-draft-5-ro16
masters_santiago_2026,Masters Santiago 2026,2026,intl,masters,11:00 PM,Popeyes 4PC Day 2,group stage guardians,0,2,group stage guardians,Round of 16,576949,https://www.vlr.gg/576949/popeyes-4pc-day-2-vs-group-stage-guardians-funhavergg-mad-science-draft-5-ro16
masters_santiago_2026,Masters Santiago 2026,2026,intl,masters,11:00 PM,Pigeons,Nostalgia,2,0,Pigeons,Round of 16,576950,https://www.vlr.gg/576950/pigeons-vs-nostalgia-funhavergg-mad-science-draft-5-ro16
masters_santiago_2026,Masters Santiago 2026,2026,intl,masters,11:00 PM,Currys Money Crew,Lebron Booey James,2,0,Currys Money Crew,Round of 16,576951,https://www.vlr.gg/576951/currys-money-crew-vs-lebron-booey-james-funhavergg-mad-science-draft-5-ro16
masters_santiago_2026,Masters Santiago 2026,2026,intl,masters,11:00 PM,Rise of Scarlet Empire,Mannys Minions,2,0,Rise of Scarlet Empire,Round of 16,576952,https://www.vlr.gg/576952/rise-of-scarlet-empire-vs-mannys-minions-funhavergg-mad-science-draft-5-ro16
masters_santiago_2026,Masters Santiago 2026,2026,intl,masters,11:00 PM,happy esports,Young Franchise Phenoms,0,2,Young Franchise Phenoms,Round of 16,576953,https://www.vlr.gg/576953/happy-esports-vs-young-franchise-phenoms-funhavergg-mad-science-draft-5-ro16
masters_santiago_2026,Masters Santiago 2026,2026,intl,masters,11:00 PM,G KENT LOVES JP,K9 Unit,2,0,G KENT LOVES JP,Round of 16,576954,https://www.vlr.gg/576954/g-kent-loves-jp-vs-k9-unit-funhavergg-mad-science-draft-5-ro16
masters_santiago_2026,Masters Santiago 2026,2026,intl,masters,11:00 PM,Purpose Gaming,Team Kiri,2,1,Purpose Gaming,Round of 16,576955,https://www.vlr.gg/576955/purpose-gaming-vs-team-kiri-funhavergg-mad-science-draft-5-ro16
masters_santiago_2026,Masters Santiago 2026,2026,intl,masters,9:00 PM,good girls,group stage guardians,0,2,group stage guardians,Quarterfinals,576956,https://www.vlr.gg/576956/good-girls-vs-group-stage-guardians-funhavergg-mad-science-draft-5-qf
masters_santiago_2026,Masters Santiago 2026,2026,intl,masters,9:00 PM,Pigeons,Currys Money Crew,0,2,Currys Money Crew,Quarterfinals,576957,https://www.vlr.gg/576957/pigeons-vs-currys-money-crew-funhavergg-mad-science-draft-5-qf
masters_santiago_2026,Masters Santiago 2026,2026,intl,masters,9:00 PM,Rise of Scarlet Empire,Young Franchise Phenoms,0,2,Young Franchise Phenoms,Quarterfinals,576958,https://www.vlr.gg/576958/rise-of-scarlet-empire-vs-young-franchise-phenoms-funhavergg-mad-science-draft-5-qf
masters_santiago_2026,Masters Santiago 2026,2026,intl,masters,9:00 PM,G KENT LOVES JP,Purpose Gaming,1,2,Purpose Gaming,Quarterfinals,576959,https://www.vlr.gg/576959/g-kent-loves-jp-vs-purpose-gaming-funhavergg-mad-science-draft-5-qf
masters_santiago_2026,Masters Santiago 2026,2026,intl,masters,11:00 PM,group stage guardians,Currys Money Crew,1,2,Currys Money Crew,Semifinals,576960,https://www.vlr.gg/576960/group-stage-guardians-vs-currys-money-crew-funhavergg-mad-science-draft-5-sf
masters_santiago_2026,Masters Santiago 2026,2026,intl,masters,11:00 PM,Young Franchise Phenoms,Purpose Gaming,0,2,Purpose Gaming,Semifinals,576961,https://www.vlr.gg/576961/young-franchise-phenoms-vs-purpose-gaming-funhavergg-mad-science-draft-5-sf
masters_santiago_2026,Masters Santiago 2026,2026,intl,masters,1:00 AM,Currys Money Crew,Purpose Gaming,2,0,Currys Money Crew,Grand Final,576962,https://www.vlr.gg/576962/currys-money-crew-vs-purpose-gaming-funhavergg-mad-science-draft-5-gf
